Sample name,BFB,Complex non-cyclic,Linear amplification,ecDNA
TCGA-02-2483-01A-01D-1494-08_MN_10A-01D-1494,0.0,1.0,1.0,1.0
TCGA-02-2485-01A-01D-1494-08_MN_10A-01D-1494,0.0,1.0,0.0,3.0
TCGA-04-1347-01A-01D-A324-10_MN_11A-01D-A324,0.0,0.0,6.0,1.0
TCGA-04-1349-01A-01D-A324-10_MN_11A-01D-A324,0.0,2.0,0.0,0.0
TCGA-04-1371-01A-01D-0516-08_MN_11A-01D-0516,0.0,2.0,1.0,1.0
TCGA-04-1514-01A-01D-A324-10_MN_10A-01D-A324,2.0,0.0,3.0,0.0
TCGA-04-1542-01A-01D-A312-08_MN_10A-01D-A312,0.0,0.0,4.0,0.0
TCGA-05-4250-01A-01D-1103-02_MN_10A-01D-1103,1.0,1.0,2.0,0.0
TCGA-05-4384-01A-01D-1751-02_MN_10A-01D-1751,1.0,0.0,0.0,0.0
TCGA-05-4389-01A-01D-1931-08_MN_10A-01D-1203,0.0,0.0,1.0,0.0
TCGA-05-4389-01A-01D-1931-08_MN_10A-01D-1931,0.0,0.0,1.0,0.0
TCGA-05-4390-01A-02D-1751-02_MN_10A-01D-1751,1.0,1.0,0.0,0.0
TCGA-05-4395-01A-01D-1203-02_MN_10A-01D-1203,1.0,0.0,0.0,0.0
TCGA-05-4395-01A-01D-1203-02_MN_10A-01D-2364,1.0,0.0,0.0,0.0
TCGA-05-4395-01A-01D-2364-08_MN_10A-01D-1203,0.0,1.0,0.0,0.0
TCGA-05-4395-01A-01D-2364-08_MN_10A-01D-2364,0.0,1.0,0.0,0.0
TCGA-05-4396-01A-21D-1853-02_MN_10A-01D-1853,2.0,0.0,1.0,0.0
TCGA-05-4396-01A-21D-1853-02_MN_10A-01D-1855,2.0,0.0,4.0,0.0
TCGA-05-4396-01A-21D-1855-08_MN_10A-01D-1853,2.0,0.0,2.0,0.0
TCGA-05-4396-01A-21D-1855-08_MN_10A-01D-1855,2.0,1.0,4.0,0.0
TCGA-05-4397-01A-01D-1931-08_MN_10A-01D-1931,0.0,0.0,1.0,0.0
TCGA-05-4398-01A-01D-1931-08_MN_10A-01D-1203,0.0,0.0,1.0,0.0
TCGA-05-4398-01A-01D-1931-08_MN_10A-01D-1931,0.0,0.0,1.0,0.0
TCGA-05-4402-01A-01D-1203-02_MN_10A-01D-1203,0.0,1.0,2.0,0.0
TCGA-05-4405-01A-21D-1853-02_MN_10A-01D-1853,0.0,2.0,0.0,0.0
TCGA-05-4417-01A-22D-1853-02_MN_10A-01D-1853,0.0,0.0,1.0,0.0
TCGA-05-4420-01A-01D-1203-02_MN_10A-01D-1203,2.0,0.0,0.0,0.0
TCGA-05-4422-01A-01D-1931-08_MN_10A-01D-1203,0.0,2.0,3.0,0.0
TCGA-05-4422-01A-01D-1931-08_MN_10A-01D-1931,0.0,1.0,6.0,0.0
TCGA-05-4426-01A-01D-1203-02_MN_10A-01D-1203,0.0,0.0,1.0,0.0
TCGA-05-4432-01A-01D-1203-02_MN_10A-01D-1203,0.0,0.0,0.0,1.0
TCGA-05-4432-01A-01D-1203-02_MN_10A-01D-1931,0.0,1.0,0.0,0.0
TCGA-05-4432-01A-01D-1931-08_MN_10A-01D-1203,0.0,0.0,1.0,0.0
TCGA-05-4432-01A-01D-1931-08_MN_10A-01D-1931,0.0,0.0,1.0,0.0
TCGA-05-4433-01A-22D-1853-02_MN_10A-01D-1853,0.0,1.0,0.0,0.0
TCGA-05-4434-01A-01D-1203-02_MN_10A-01D-1203,0.0,0.0,1.0,0.0
TCGA-06-0124-01A-01D-0375-09_MN_10A-01D-0375,0.0,0.0,1.0,0.0
TCGA-06-0125-01A-01D-1490-08_MN_10A-01D-1490,0.0,0.0,0.0,1.0
TCGA-06-0125-02A-11D-2280-08_MN_10A-01D-1490,0.0,0.0,0.0,1.0
TCGA-06-0128-01A-01D-0572-09_MN_10A-01D-0572,0.0,0.0,0.0,1.0
TCGA-06-0145-01A-01D-0507-08_MN_10A-01D-0507,0.0,0.0,0.0,2.0
TCGA-06-0152-01A-02D-0507-08_MN_10A-01D-0507,0.0,0.0,0.0,1.0
TCGA-06-0152-02A-01D-2280-08_MN_10A-01D-0507,0.0,0.0,0.0,1.0
TCGA-06-0155-01B-01D-0932-09_MN_10A-01D-0703,0.0,0.0,0.0,2.0
TCGA-06-0157-01A-01D-1491-08_MN_10A-01D-1491,0.0,0.0,0.0,2.0
TCGA-06-0185-01A-01D-0507-08_MN_10B-01D-0507,0.0,0.0,0.0,1.0
TCGA-06-0190-02A-01D-2280-08_MN_10B-01D-A32W,0.0,0.0,0.0,1.0
TCGA-06-0208-01A-01D-0512-09_MN_10A-01D-0512,0.0,0.0,0.0,1.0
TCGA-06-0210-01A-01D-1491-08_MN_10A-01D-1491,0.0,0.0,1.0,2.0
TCGA-06-0210-02A-01D-2280-08_MN_10A-01D-1491,0.0,0.0,0.0,1.0
TCGA-06-0211-01A-01D-1491-08_MN_10A-01D-1491,0.0,0.0,0.0,2.0
TCGA-06-0211-02A-02D-2280-08_MN_10A-01D-1491,0.0,1.0,0.0,1.0
TCGA-06-0214-01A-02D-0512-09_MN_10A-01D-0512,0.0,0.0,0.0,3.0
TCGA-06-0214-01A-02D-1491-08_MN_10A-01D-1491,0.0,0.0,0.0,3.0
TCGA-06-0221-01A-01D-A32W-08_MN_10A-01D-A35R,0.0,3.0,2.0,1.0
TCGA-06-0221-02A-11D-2280-08_MN_10A-01D-A35R,0.0,1.0,0.0,0.0
TCGA-06-0648-01A-01D-0507-08_MN_10A-01D-0507,0.0,1.0,0.0,0.0
TCGA-06-0686-01A-01D-1492-08_MN_10A-01D-1492,0.0,0.0,0.0,1.0
TCGA-06-0744-01A-01D-1492-08_MN_10A-01D-1492,0.0,1.0,3.0,1.0
TCGA-06-0745-01A-01D-1492-08_MN_10A-01D-1492,0.0,0.0,0.0,1.0
TCGA-06-0877-01A-01D-0512-09_MN_10A-01D-0512,0.0,0.0,0.0,1.0
TCGA-06-0881-01A-02D-0512-09_MN_10A-01D-0512,0.0,0.0,0.0,1.0
TCGA-06-2557-01A-01D-1494-08_MN_10A-01D-1494,0.0,1.0,3.0,0.0
TCGA-06-2570-01A-01D-1495-08_MN_10A-01D-1495,0.0,0.0,0.0,1.0
TCGA-06-5411-01A-01D-1696-08_MN_10A-01D-1696,0.0,0.0,0.0,1.0
TCGA-06-5415-01A-01D-1486-08_MN_10A-01D-1486,0.0,0.0,0.0,2.0
TCGA-09-2045-01A-01D-A324-10_MN_11A-01D-A324,0.0,0.0,1.0,1.0
TCGA-09-2050-01A-01D-A312-08_MN_10A-01D-A312,0.0,0.0,1.0,0.0
TCGA-10-0934-01A-02D-A312-08_MN_11A-01D-A312,0.0,0.0,2.0,0.0
TCGA-10-0937-01A-02D-A324-10_MN_11A-01D-A324,0.0,0.0,1.0,0.0
TCGA-10-0938-01A-02D-A312-08_MN_11A-01D-A312,1.0,0.0,4.0,1.0
TCGA-13-0723-01A-02D-0447-09_MN_10B-01D-0447,2.0,2.0,2.0,1.0
TCGA-13-0727-01A-01D-A312-08_MN_10B-01D-A312,0.0,0.0,1.0,0.0
TCGA-13-0751-01A-01D-0446-08_MN_10A-01D-0446,0.0,0.0,6.0,1.0
TCGA-13-0890-01A-01D-0447-09_MN_10A-01D-0447,0.0,0.0,1.0,0.0
TCGA-13-0912-01A-01D-A312-08_MN_10A-01D-A312,2.0,0.0,1.0,0.0
TCGA-13-1411-01A-01D-0515-09_MN_10A-01D-0515,0.0,0.0,3.0,0.0
TCGA-13-1487-01A-01D-A312-08_MN_10A-01D-A312,0.0,0.0,3.0,0.0
TCGA-13-1491-01A-01D-A312-08_MN_10A-01D-A312,2.0,0.0,2.0,0.0
TCGA-14-0786-01B-01D-0703-09_MN_10A-01D-0703,0.0,0.0,1.0,0.0
TCGA-14-1402-01A-01D-1493-08_MN_10A-01D-1493,0.0,0.0,4.0,1.0
TCGA-14-1402-02A-01D-2280-08_MN_10A-01D-1493,0.0,0.0,0.0,1.0
TCGA-14-1459-01A-01D-0932-09_MN_10A-01D-0703,1.0,0.0,0.0,2.0
TCGA-14-1823-01A-01D-1494-08_MN_10A-01D-1494,0.0,1.0,2.0,0.0
TCGA-14-2554-01A-01D-1494-08_MN_10A-01D-1494,0.0,0.0,1.0,1.0
TCGA-16-1063-01B-01D-0932-09_MN_10A-01D-0703,0.0,0.0,0.0,2.0
TCGA-18-3408-01A-01D-A320-08_MN_11A-01D-A320,2.0,0.0,0.0,0.0
TCGA-18-3415-01A-01D-A320-08_MN_11A-01D-A320,0.0,0.0,0.0,2.0
TCGA-18-4721-01A-01D-1441-08_MN_11A-01D-1441,0.0,0.0,3.0,0.0
TCGA-19-2620-01A-01D-1495-08_MN_10A-01D-1495,0.0,0.0,0.0,1.0
TCGA-19-2624-01A-01D-1495-08_MN_10A-01D-1495,0.0,0.0,0.0,1.0
TCGA-19-5960-01A-11D-1696-08_MN_10A-01D-1696,0.0,1.0,0.0,3.0
TCGA-21-5782-01A-01D-1632-08_MN_10A-01D-1632,2.0,0.0,0.0,0.0
TCGA-22-1016-01A-01D-1521-08_MN_11A-01D-1521,0.0,0.0,3.0,0.0
TCGA-22-5477-01A-01D-1632-08_MN_11A-11D-1632,1.0,0.0,2.0,1.0
TCGA-22-5492-01A-01D-1632-08_MN_11A-01D-1632,1.0,0.0,2.0,0.0
TCGA-23-1110-01A-01D-A324-10_MN_10A-01D-A324,0.0,0.0,2.0,0.0
TCGA-23-1118-01A-01D-A312-08_MN_10A-01D-A312,0.0,0.0,0.0,1.0
TCGA-23-1124-01A-01D-A312-08_MN_10A-01D-A312,0.0,0.0,5.0,0.0
TCGA-24-0980-01A-01D-0515-09_MN_10A-01D-0515,0.0,0.0,3.0,0.0
TCGA-24-0982-01A-01D-0516-08_MN_10C-01D-0516,0.0,0.0,7.0,0.0
TCGA-24-1103-01A-01D-0515-09_MN_10A-01D-0515,0.0,0.0,4.0,0.0
TCGA-24-1419-01A-01D-A324-10_MN_10A-01D-A324,0.0,0.0,1.0,2.0
TCGA-24-1466-01A-01D-A312-08_MN_10A-01D-A312,0.0,0.0,17.0,5.0
TCGA-24-1544-01A-01D-A312-08_MN_10A-01D-A312,1.0,2.0,2.0,0.0
TCGA-24-1548-01A-01D-A324-10_MN_10A-01D-A324,0.0,0.0,2.0,0.0
TCGA-24-1552-01A-01D-A324-10_MN_10A-01D-A324,1.0,1.0,10.0,1.0
TCGA-24-1557-01A-01D-A312-08_MN_10A-01D-A312,0.0,0.0,4.0,1.0
TCGA-24-1558-01A-01D-A324-10_MN_10A-01D-A324,0.0,0.0,2.0,1.0
TCGA-24-1562-01A-01D-A312-08_MN_10A-01D-A312,0.0,0.0,1.0,2.0
TCGA-24-1614-01A-01D-A312-08_MN_10A-01D-A312,0.0,0.0,1.0,1.0
TCGA-25-1319-01A-01D-0516-08_MN_10A-01D-0516,0.0,0.0,3.0,2.0
TCGA-25-1632-01A-01D-A312-08_MN_10A-01D-A312,0.0,0.0,1.0,1.0
TCGA-25-1634-01A-01D-A312-08_MN_10A-01D-A312,0.0,1.0,2.0,0.0
TCGA-25-2400-01A-01D-A312-08_MN_10A-01D-A312,0.0,1.0,12.0,1.0
TCGA-26-1438-01A-01D-0932-09_MN_10A-01D-0703,0.0,0.0,0.0,1.0
TCGA-26-5132-01A-01D-1486-08_MN_10A-01D-1486,0.0,2.0,2.0,2.0
TCGA-26-5135-01A-01D-1486-08_MN_10A-01D-1486,0.0,0.0,0.0,1.0
TCGA-27-1831-01A-01D-1494-08_MN_10A-01D-1494,0.0,0.0,1.0,0.0
TCGA-27-2523-01A-01D-1494-08_MN_10A-01D-1494,0.0,0.0,0.0,1.0
TCGA-27-2528-01A-01D-1494-08_MN_10A-01D-1494,0.0,1.0,1.0,0.0
TCGA-32-1970-01A-01D-1494-08_MN_10A-01D-1494,0.0,0.0,1.0,1.0
TCGA-33-4586-01A-01D-A320-08_MN_11A-01D-A320,1.0,0.0,1.0,0.0
TCGA-34-2600-01A-01D-0963-08_MN_11A-01D-0963,0.0,0.0,6.0,0.0
TCGA-34-5240-01A-01D-1441-08_MN_10A-01D-1441,0.0,0.0,1.0,0.0
TCGA-36-1570-01A-01D-A324-10_MN_10A-01D-A324,0.0,0.0,0.0,1.0
TCGA-36-1571-01A-01D-A324-10_MN_10A-01D-A324,2.0,2.0,1.0,1.0
TCGA-36-1574-01A-01D-A324-10_MN_10A-01D-A324,0.0,0.0,1.0,1.0
TCGA-37-4135-01A-01D-A320-08_MN_10A-01D-A320,2.0,3.0,8.0,1.0
TCGA-38-4628-01A-01D-1203-02_MN_11A-01D-1203,0.0,1.0,0.0,0.0
TCGA-38-4628-01A-01D-1203-02_MN_11A-01D-1931,0.0,1.0,4.0,0.0
TCGA-38-4628-01A-01D-1931-08_MN_11A-01D-1203,1.0,0.0,0.0,0.0
TCGA-38-4628-01A-01D-1931-08_MN_11A-01D-1931,1.0,0.0,1.0,0.0
TCGA-38-4630-01A-01D-2364-08_MN_11A-01D-2364,2.0,1.0,9.0,8.0
TCGA-38-4631-01A-01D-1751-02_MN_11A-01D-1751,3.0,1.0,3.0,0.0
TCGA-38-4632-01A-01D-1751-02_MN_11A-01D-1751,1.0,1.0,0.0,1.0
TCGA-41-5651-01A-01D-1696-08_MN_10A-01D-1696,0.0,0.0,0.0,1.0
TCGA-43-3394-01A-01D-1553-08_MN_11A-01D-1553,0.0,1.0,4.0,2.0
TCGA-43-3920-01A-01D-1553-08_MN_11B-01D-1553,0.0,0.0,4.0,0.0
TCGA-43-5670-01A-21D-A320-08_MN_10A-01D-A320,1.0,1.0,1.0,1.0
TCGA-44-2659-01A-01D-1931-08_MN_10A-01D-1931,0.0,0.0,1.0,0.0
TCGA-44-2661-01A-01D-1103-02_MN_10A-01D-1103,0.0,0.0,1.0,0.0
TCGA-44-3917-01A-01D-A46W-08_MN_10A-01D-A46W,0.0,1.0,1.0,0.0
TCGA-44-3917-01B-02D-A46W-08_MN_10A-01D-A46W,0.0,3.0,0.0,0.0
TCGA-44-3918-01A-01D-1103-02_MN_10A-01D-A46W,0.0,1.0,1.0,0.0
TCGA-44-3918-01A-01D-1103-02_MN_11A-01D-1103,1.0,0.0,0.0,0.0
TCGA-44-3918-01A-01D-A46W-08_MN_10A-01D-A46W,0.0,0.0,1.0,0.0
TCGA-44-3918-01A-01D-A46W-08_MN_11A-01D-1103,0.0,0.0,1.0,0.0
TCGA-44-3918-01B-02D-A46W-08_MN_10A-01D-A46W,1.0,0.0,0.0,0.0
TCGA-44-3918-01B-02D-A46W-08_MN_11A-01D-1103,1.0,0.0,0.0,0.0
TCGA-44-3919-01A-02D-1103-02_MN_11A-01D-1103,0.0,0.0,5.0,0.0
TCGA-44-5645-01A-01D-1623-02_MN_10A-01D-1623,0.0,0.0,1.0,0.0
TCGA-44-5645-01A-01D-1623-02_MN_10A-01D-A46W,0.0,0.0,1.0,0.0
TCGA-44-5645-01A-01D-1623-02_MN_11A-01D-1623,0.0,0.0,2.0,0.0
TCGA-44-5645-01A-01D-A46W-08_MN_10A-01D-1623,0.0,0.0,2.0,0.0
TCGA-44-5645-01A-01D-A46W-08_MN_10A-01D-A46W,0.0,0.0,3.0,0.0
TCGA-44-5645-01A-01D-A46W-08_MN_11A-01D-1623,0.0,0.0,3.0,0.0
TCGA-44-5645-01B-04D-A46W-08_MN_10A-01D-1623,0.0,1.0,1.0,0.0
TCGA-44-5645-01B-04D-A46W-08_MN_10A-01D-A46W,0.0,1.0,3.0,0.0
TCGA-44-5645-01B-04D-A46W-08_MN_11A-01D-1623,0.0,2.0,0.0,0.0
TCGA-44-6774-01A-21D-1853-02_MN_11A-01D-1853,0.0,1.0,0.0,2.0
TCGA-44-6775-01C-02D-A46W-08_MN_10A-01D-1853,1.0,0.0,0.0,1.0
TCGA-44-6775-01C-02D-A46W-08_MN_10A-01D-A46W,1.0,0.0,0.0,1.0
TCGA-44-6775-01C-02D-A46W-08_MN_11A-01D-1853,1.0,0.0,0.0,1.0
TCGA-44-6778-01A-11D-1853-02_MN_10A-01D-1853,0.0,1.0,1.0,0.0
TCGA-44-6778-01A-11D-1853-02_MN_11A-01D-1853,0.0,1.0,1.0,0.0
TCGA-49-4486-01A-01D-1203-02_MN_11A-01D-1203,0.0,1.0,1.0,0.0
TCGA-49-4486-01A-01D-1203-02_MN_11A-01D-1931,0.0,1.0,1.0,0.0
TCGA-49-4486-01A-01D-1931-08_MN_11A-01D-1203,0.0,0.0,3.0,0.0
TCGA-49-4486-01A-01D-1931-08_MN_11A-01D-1931,0.0,0.0,3.0,0.0
TCGA-49-4488-01A-01D-1751-02_MN_11A-01D-1751,3.0,0.0,0.0,0.0
TCGA-49-4501-01A-01D-1203-02_MN_11A-01D-1203,0.0,2.0,0.0,0.0
TCGA-49-4505-01A-01D-1203-02_MN_11A-01D-1203,0.0,0.0,1.0,0.0
TCGA-49-4507-01A-01D-1203-02_MN_11A-01D-1203,1.0,0.0,1.0,0.0
TCGA-49-4510-01A-01D-1203-02_MN_11A-01D-1203,0.0,0.0,0.0,1.0
TCGA-49-4510-01A-01D-1203-02_MN_11A-01D-1931,0.0,0.0,0.0,1.0
TCGA-49-4510-01A-01D-1931-08_MN_11A-01D-1203,0.0,0.0,0.0,1.0
TCGA-49-4510-01A-01D-1931-08_MN_11A-01D-1931,0.0,0.0,0.0,1.0
TCGA-49-6745-01A-11D-1853-02_MN_11A-01D-1853,0.0,1.0,0.0,0.0
TCGA-49-6767-01A-11D-1853-02_MN_11A-01D-1853,0.0,0.0,0.0,1.0
TCGA-50-5066-01A-01D-1625-08_MN_10A-01D-1625,0.0,7.0,2.0,0.0
TCGA-50-5931-01A-11D-1751-02_MN_11A-01D-1751,0.0,0.0,3.0,0.0
TCGA-50-5935-01A-11D-1751-02_MN_11A-01D-1751,0.0,0.0,2.0,0.0
TCGA-50-5939-01A-11D-1623-02_MN_11A-01D-1623,1.0,0.0,0.0,0.0
TCGA-50-5941-01A-11D-1751-02_MN_10A-01D-1751,0.0,1.0,0.0,0.0
TCGA-50-5944-01A-11D-1751-02_MN_10A-01D-1751,0.0,0.0,1.0,1.0
TCGA-50-6591-01A-11D-1751-02_MN_11A-01D-1751,0.0,0.0,1.0,0.0
TCGA-50-6591-01A-11D-1751-02_MN_11A-01D-1753,0.0,0.0,1.0,0.0
TCGA-50-6591-01A-11D-1753-08_MN_11A-01D-1751,0.0,0.0,2.0,0.0
TCGA-50-6591-01A-11D-1753-08_MN_11A-01D-1753,0.0,0.0,3.0,0.0
TCGA-50-6592-01A-11D-1751-02_MN_11A-01D-1751,0.0,1.0,0.0,0.0
TCGA-50-6594-01A-11D-1751-02_MN_11A-01D-1751,1.0,0.0,2.0,0.0
TCGA-50-6597-01A-11D-1853-02_MN_10A-01D-1853,0.0,0.0,6.0,1.0
TCGA-50-6597-01A-11D-1853-02_MN_10A-01D-1855,0.0,0.0,3.0,1.0
TCGA-50-6597-01A-11D-1855-08_MN_10A-01D-1853,0.0,1.0,9.0,1.0
TCGA-50-6597-01A-11D-1855-08_MN_10A-01D-1855,0.0,1.0,8.0,1.0
TCGA-52-7812-01A-11D-A320-08_MN_10A-01D-A320,0.0,0.0,1.0,0.0
TCGA-55-1594-01A-01D-0969-08_MN_11A-01D-0969,1.0,1.0,3.0,0.0
TCGA-55-1596-01A-01D-0969-08_MN_11A-01D-0969,0.0,1.0,2.0,0.0
TCGA-55-6972-01A-11D-1945-08_MN_11A-01D-1945,0.0,0.0,1.0,0.0
TCGA-55-6982-01A-11D-1945-08_MN_11A-01D-1945,0.0,1.0,5.0,1.0
TCGA-55-6984-01A-11D-1945-08_MN_11A-01D-1945,0.0,0.0,1.0,0.0
TCGA-56-1622-01A-01D-1521-08_MN_11A-01D-1521,0.0,1.0,5.0,0.0
TCGA-60-2695-01A-01D-1180-08_MN_11A-01D-1180,0.0,0.0,0.0,1.0
TCGA-60-2698-01A-01D-1522-08_MN_11A-01D-1522,1.0,0.0,0.0,0.0
TCGA-60-2711-01A-01D-0963-08_MN_11A-01D-0963,0.0,1.0,2.0,2.0
TCGA-60-2713-01A-01D-1522-08_MN_11A-01D-1522,0.0,1.0,0.0,0.0
TCGA-60-2719-01A-01D-1522-08_MN_11A-01D-1522,0.0,0.0,1.0,0.0
TCGA-60-2722-01A-01D-1180-08_MN_11A-01D-1180,0.0,0.0,7.0,1.0
TCGA-60-2724-01A-01D-1522-08_MN_11A-01D-1522,0.0,0.0,2.0,0.0
TCGA-60-2726-01A-01D-1522-08_MN_11A-01D-1522,0.0,1.0,3.0,1.0
TCGA-61-2000-01A-01D-A324-10_MN_11A-01D-A324,0.0,1.0,9.0,10.0
TCGA-64-1678-01A-01D-1040-01_MN_10A-01D-1040,3.0,0.0,5.0,0.0
TCGA-64-5775-01A-01D-1623-02_MN_10A-01D-1623,1.0,1.0,3.0,0.0
TCGA-64-5778-01A-01D-1623-02_MN_10A-01D-1623,0.0,1.0,0.0,0.0
TCGA-64-5779-01A-01D-1623-02_MN_10A-01D-1623,0.0,1.0,0.0,0.0
TCGA-64-5815-01A-01D-1623-02_MN_10A-01D-1623,0.0,1.0,0.0,0.0
TCGA-66-2744-01A-01D-A320-08_MN_11A-01D-A320,2.0,1.0,3.0,1.0
TCGA-66-2756-01A-01D-1180-08_MN_11A-01D-1180,4.0,1.0,13.0,2.0
TCGA-66-2759-01A-01D-A320-08_MN_11A-01D-A320,2.0,0.0,3.0,1.0
TCGA-66-2766-01A-01D-1180-08_MN_11A-01D-1180,0.0,0.0,6.0,1.0
TCGA-66-2789-01A-01D-A320-08_MN_11A-01D-A320,0.0,0.0,0.0,1.0
TCGA-66-2793-01A-01D-1267-08_MN_11A-01D-1267,1.0,2.0,6.0,1.0
TCGA-66-2795-01A-02D-A320-08_MN_11A-01D-A320,1.0,0.0,2.0,1.0
TCGA-67-3771-01A-01D-0969-08_MN_10A-01D-0969,0.0,0.0,1.0,1.0
TCGA-67-6217-01A-11D-1751-02_MN_10A-01D-1751,0.0,0.0,0.0,1.0
TCGA-68-7755-01A-11D-A320-08_MN_10A-01D-A320,1.0,1.0,6.0,0.0
TCGA-68-8250-01A-11D-2293-08_MN_10A-01D-2293,1.0,0.0,0.0,0.0
TCGA-71-6725-01A-11D-1853-02_MN_10A-01D-1853,0.0,1.0,1.0,0.0
TCGA-73-4659-01A-01D-1203-02_MN_11A-01D-1931,0.0,0.0,2.0,0.0
TCGA-73-4662-01A-01D-1203-02_MN_11A-01D-1203,0.0,1.0,0.0,0.0
TCGA-73-4668-01A-01D-1203-02_MN_11A-01D-1203,0.0,1.0,1.0,1.0
TCGA-73-4676-01A-01D-1751-02_MN_11A-01D-1751,0.0,1.0,0.0,0.0
TCGA-73-4677-01A-01D-1203-02_MN_11A-01D-1203,0.0,0.0,0.0,1.0
TCGA-75-5126-01A-01D-1751-02_MN_10A-01D-1751,1.0,0.0,0.0,0.0
TCGA-75-5146-01A-01D-1623-02_MN_10A-01D-1623,0.0,1.0,2.0,0.0
TCGA-75-5147-01A-01D-1623-02_MN_10A-01D-1623,0.0,0.0,2.0,0.0
TCGA-75-5147-01A-01D-1623-02_MN_10A-01D-1625,0.0,0.0,38.0,0.0
TCGA-75-6205-01A-11D-1751-02_MN_10A-01D-1751,0.0,0.0,1.0,0.0
TCGA-77-6843-01A-11D-1945-08_MN_10A-01D-1945,0.0,1.0,4.0,0.0
TCGA-77-7139-01A-11D-A320-08_MN_10A-01D-A320,2.0,1.0,0.0,1.0
TCGA-78-7143-01A-11D-2036-08_MN_10A-01D-2036,0.0,0.0,1.0,1.0
TCGA-78-7146-01A-11D-2036-08_MN_10A-01D-2036,0.0,2.0,7.0,0.0
TCGA-85-8277-01A-11D-2293-08_MN_10A-01D-2293,1.0,1.0,3.0,2.0
TCGA-90-7767-01A-11D-A320-08_MN_10A-01D-A320,1.0,0.0,0.0,0.0
TCGA-91-6828-01A-11D-1853-02_MN_10A-01D-1853,0.0,1.0,0.0,0.0
TCGA-91-6831-01A-11D-1853-02_MN_11A-02D-1853,3.0,2.0,4.0,1.0
TCGA-91-6836-01A-21D-1853-02_MN_11A-01D-1853,1.0,1.0,1.0,1.0
TCGA-91-6840-01A-11D-1945-08_MN_10A-01D-1946,0.0,1.0,0.0,1.0
TCGA-91-6847-01A-11D-1945-08_MN_11A-01D-1945,1.0,1.0,3.0,1.0
TCGA-92-8064-01A-11D-2244-08_MN_10A-01D-2244,1.0,0.0,4.0,1.0
TCGA-94-7943-01A-11D-A320-08_MN_10A-01D-A320,2.0,0.0,2.0,1.0
TCGA-96-7545-01A-21D-A320-08_MN_10A-01D-A320,0.0,0.0,1.0,1.0
TCGA-97-8171-01A-11D-2284-08_MN_10A-01D-2284,0.0,0.0,0.0,1.0
TCGA-98-8022-01A-11D-2244-08_MN_10A-01D-2244,1.0,1.0,1.0,0.0
TCGA-A1-A0SM-01A-11D-A19H-09_MN_10A-02D-A099,0.0,1.0,0.0,0.0
TCGA-A2-A04P-01A-31D-A128-09_MN_10A-01D-A128,4.0,2.0,5.0,1.0
TCGA-A2-A04T-01A-21D-A128-09_MN_10A-01D-A128,0.0,0.0,5.0,0.0
TCGA-A2-A04X-01A-21D-A19H-09_MN_10A-01D-A19H,0.0,0.0,2.0,1.0
TCGA-A2-A0D0-01A-11D-A128-09_MN_10A-01D-A128,0.0,2.0,8.0,5.0
TCGA-A2-A0D1-01A-11D-A19H-09_MN_10A-01D-A19H,0.0,2.0,1.0,2.0
TCGA-A2-A0D2-01A-21D-A128-09_MN_10A-01D-A128,0.0,0.0,4.0,0.0
TCGA-A2-A0EY-01A-11D-A19H-09_MN_10A-01D-A19H,2.0,4.0,4.0,0.0
TCGA-A2-A0YG-01A-21D-A19H-09_MN_10A-01D-A19H,1.0,1.0,1.0,0.0
TCGA-A2-A25B-01A-11D-A167-09_MN_10A-01D-A167,0.0,1.0,5.0,1.0
TCGA-A2-A3KC-01A-11D-A20S-09_MN_10A-01D-A20S,0.0,0.0,1.0,1.0
TCGA-A2-A3XX-01A-21D-A23C-09_MN_10A-01D-A23C,0.0,0.0,2.0,2.0
TCGA-A2-A3Y0-01A-11D-A23C-09_MN_10A-01D-A23C,1.0,0.0,0.0,0.0
TCGA-A3-3363-01A-01D-2094-10_MN_11A-01D-2094,1.0,0.0,2.0,0.0
TCGA-A4-A57E-01A-11D-A26P-10_MN_10A-01D-A26P,0.0,0.0,0.0,1.0
TCGA-A5-A0G5-01A-11D-A043-02_MN_10A-01D-A043,2.0,0.0,0.0,2.0
TCGA-A6-2677-01A-01D-A46W-08_MN_10A-01D-A46W,0.0,1.0,0.0,2.0
TCGA-A6-2677-01B-02D-A46W-08_MN_10A-01D-A46W,0.0,3.0,6.0,0.0
TCGA-A6-3807-01A-01D-1459-10_MN_10A-01D-1459,0.0,0.0,1.0,0.0
TCGA-A6-3810-01A-01D-A46W-08_MN_10A-01D-A46W,0.0,0.0,0.0,1.0
TCGA-A6-3810-01B-04D-A46W-08_MN_10A-01D-A46W,0.0,1.0,0.0,0.0
TCGA-A6-5656-01A-21D-A46W-08_MN_10A-01D-A46W,0.0,0.0,1.0,0.0
TCGA-A6-5656-01B-02D-A46W-08_MN_10A-01D-A46W,0.0,1.0,0.0,0.0
TCGA-A6-5659-01B-04D-A46W-08_MN_10A-01D-A46W,0.0,0.0,10.0,0.0
TCGA-A6-6650-01A-11D-A46W-08_MN_10A-01D-A46W,1.0,0.0,0.0,0.0
TCGA-A6-6650-01B-02D-A46W-08_MN_10A-01D-A46W,1.0,0.0,0.0,0.0
TCGA-A6-6780-01B-04D-A46W-08_MN_10A-01D-A46W,0.0,0.0,1.0,0.0
TCGA-A7-A0D9-01A-31D-A060-02_MN_10A-01D-A060,0.0,0.0,2.0,2.0
TCGA-A7-A13D-01A-13D-A12Q-09_MN_10A-02D-A12Q,0.0,0.0,8.0,7.0
TCGA-A7-A26G-01A-21D-A167-09_MN_10A-01D-A314,0.0,0.0,1.0,0.0
TCGA-A7-A26J-01A-11D-A46W-08_MN_10A-01D-A46W,0.0,1.0,0.0,0.0
TCGA-A7-A26J-01B-02D-A46W-08_MN_10A-01D-A46W,0.0,1.0,0.0,0.0
TCGA-A8-A07B-01A-11D-A19H-09_MN_10A-01D-A19H,3.0,4.0,2.0,0.0
TCGA-A8-A07I-01A-11D-A19H-09_MN_10A-01D-A19H,0.0,2.0,5.0,2.0
TCGA-A8-A08S-01A-11D-A19H-09_MN_10A-01D-A19H,0.0,1.0,0.0,0.0
TCGA-A8-A092-01A-11D-A19H-09_MN_10A-01D-A19H,0.0,0.0,1.0,0.0
TCGA-A8-A09I-01A-22D-A19H-09_MN_10A-01D-A19H,0.0,1.0,9.0,1.0
TCGA-AA-3664-01A-01D-1981-10_MN_10A-01D-1981,0.0,0.0,3.0,0.0
TCGA-AA-3685-01A-02D-1981-10_MN_10A-01D-1981,1.0,0.0,0.0,0.0
TCGA-AA-3994-01A-01D-1981-10_MN_10A-01D-1982,0.0,1.0,1.0,0.0
TCGA-AA-A01R-01A-21D-A17O-10_MN_11A-12D-A17O,0.0,0.0,1.0,0.0
TCGA-AA-A01S-01A-21D-A17O-10_MN_11A-21D-A17O,0.0,1.0,2.0,0.0
TCGA-AA-A02O-01A-21D-A17O-10_MN_11A-11D-A17O,0.0,1.0,0.0,0.0
TCGA-AC-A2BK-01A-11D-A314-09_MN_11A-13D-A21Q,3.0,0.0,4.0,1.0
TCGA-AF-2689-01A-01D-1989-10_MN_10A-01D-1989,1.0,0.0,1.0,0.0
TCGA-AF-3913-01A-02D-1459-10_MN_11A-01D-1989,0.0,0.0,1.0,0.0
TCGA-AG-3896-01A-01D-1989-10_MN_10A-01D-1989,0.0,0.0,1.0,0.0
TCGA-AG-4015-01A-01D-1989-10_MN_10A-01D-1989,0.0,0.0,1.0,0.0
TCGA-AJ-A23M-01A-11D-A34H-09_MN_10A-01D-A159,0.0,3.0,7.0,1.0
TCGA-AN-A04D-01A-21D-A314-09_MN_10A-01D-A314,0.0,0.0,3.0,0.0
TCGA-AN-A0AT-01A-11D-A045-09_MN_10A-01D-A047,0.0,0.0,3.0,0.0
TCGA-AN-A0G0-01A-11D-A045-09_MN_10A-01D-A047,0.0,0.0,0.0,1.0
TCGA-AN-A0XR-01A-11D-A10G-09_MN_10A-01D-A10G,0.0,0.0,0.0,1.0
TCGA-AO-A03L-01A-41D-A19H-09_MN_10A-01D-A19H,1.0,1.0,2.0,0.0
TCGA-AO-A03N-01B-11D-A19H-09_MN_10A-01D-A19H,0.0,0.0,2.0,0.0
TCGA-AO-A0J2-01A-11D-A19H-09_MN_10A-01D-A19H,0.0,0.0,5.0,2.0
TCGA-AO-A0J4-01A-11D-A128-09_MN_10A-01D-A128,2.0,2.0,6.0,0.0
TCGA-AO-A0JL-01A-11D-A060-02_MN_10A-01D-A060,2.0,2.0,2.0,1.0
TCGA-AO-A0JM-01A-21D-A19H-09_MN_10A-01D-A19H,0.0,1.0,3.0,1.0
TCGA-AO-A124-01A-11D-A10M-09_MN_10A-01D-A10M,0.0,0.0,8.0,6.0
TCGA-AP-A052-01A-11D-A013-09_MN_10A-01D-A013,0.0,0.0,1.0,0.0
TCGA-AP-A053-01A-21D-A013-09_MN_10A-01D-A013,2.0,1.0,3.0,3.0
TCGA-AP-A054-01A-11D-A043-02_MN_10A-01D-A043,1.0,0.0,0.0,0.0
TCGA-AP-A05A-01A-11D-A013-09_MN_10A-01D-A013,0.0,0.0,7.0,1.0
TCGA-AP-A05D-01A-11D-A013-09_MN_10A-01D-A013,0.0,2.0,5.0,0.0
TCGA-AP-A0L8-01A-11D-A043-02_MN_10A-01D-A043,0.0,0.0,1.0,1.0
TCGA-AP-A0L8-01A-11D-A066-09_MN_10A-01D-A066,0.0,0.0,1.0,1.0
TCGA-AP-A0L9-01A-11D-A043-02_MN_10A-01D-A043,4.0,0.0,0.0,1.0
TCGA-AP-A0L9-01A-11D-A066-09_MN_10A-01D-A066,0.0,0.0,7.0,1.0
TCGA-AP-A0LF-01A-11D-A122-09_MN_10A-01D-A122,19.0,10.0,15.0,0.0
TCGA-AP-A0LH-01A-11D-A043-02_MN_10A-01D-A043,1.0,0.0,0.0,2.0
TCGA-AP-A0LH-01A-11D-A066-09_MN_10A-01D-A066,1.0,0.0,0.0,2.0
TCGA-AP-A0LI-01A-11D-A066-09_MN_10A-01D-A066,0.0,0.0,2.0,1.0
TCGA-AQ-A04J-01A-02D-A128-09_MN_10A-01D-A128,1.0,0.0,0.0,0.0
TCGA-AR-A0TU-01A-31D-A106-02_MN_10A-01D-A106,0.0,1.0,3.0,2.0
TCGA-AR-A0TX-01A-11D-A19H-09_MN_10A-01D-A19H,0.0,2.0,4.0,0.0
TCGA-AR-A1AY-01A-21D-A12Q-09_MN_10A-01D-A12Q,0.0,1.0,1.0,0.0
TCGA-AR-A24Z-01A-11D-A314-09_MN_10A-01D-A167,0.0,2.0,11.0,1.0
TCGA-AR-A256-01A-11D-A167-09_MN_10A-01D-A167,0.0,2.0,20.0,6.0
TCGA-AR-A2LK-01A-11D-A17W-09_MN_10A-01D-A17W,0.0,0.0,0.0,1.0
TCGA-AX-A06B-01A-11D-A325-09_MN_10A-01D-A325,0.0,1.0,1.0,0.0
TCGA-AX-A0IU-01A-11D-A101-02_MN_10A-01D-A101,0.0,0.0,2.0,1.0
TCGA-AX-A0J1-01A-11D-A043-02_MN_10A-01D-A043,0.0,1.0,1.0,0.0
TCGA-AX-A1C8-01A-11D-A135-09_MN_10A-01D-A34H,2.0,0.0,4.0,0.0
TCGA-AX-A2H5-01A-11D-A34H-09_MN_11A-11D-A17D,0.0,1.0,7.0,3.0
TCGA-AY-A54L-01A-11D-A28G-10_MN_10A-01D-A28G,0.0,0.0,1.0,0.0
TCGA-B3-4104-01A-02D-1402-10_MN_11A-01D-1253,0.0,0.0,0.0,1.0
TCGA-B5-A0JN-01A-11D-A10B-09_MN_10A-01D-A10B,3.0,0.0,5.0,0.0
TCGA-B5-A0JR-01A-13D-A043-02_MN_10A-01D-A043,1.0,1.0,6.0,0.0
TCGA-B5-A0K3-01A-11D-A325-09_MN_10A-01D-A325,2.0,2.0,4.0,3.0
TCGA-B5-A0K8-01A-11D-A14K-09_MN_10B-01D-A34H,0.0,1.0,4.0,1.0
TCGA-B5-A1MY-01A-11D-A142-09_MN_10A-01D-A34H,1.0,0.0,5.0,1.0
TCGA-B6-A0I1-01A-11D-A21Q-09_MN_10A-01D-A21Q,1.0,1.0,8.0,1.0
TCGA-B6-A0I2-01A-11D-A12L-09_MN_10B-01D-A12L,0.0,2.0,0.0,0.0
TCGA-B6-A0IJ-01A-11D-A128-09_MN_10A-01D-A128,0.0,0.0,2.0,0.0
TCGA-B6-A0IQ-01A-11D-A128-09_MN_10A-01D-A128,1.0,2.0,14.0,0.0
TCGA-B6-A0RE-01A-11D-A060-02_MN_10A-01D-A060,0.0,1.0,1.0,0.0
TCGA-B6-A0RE-01A-11D-A128-09_MN_10A-01D-A128,0.0,0.0,1.0,0.0
TCGA-B6-A0RG-01A-11D-A060-02_MN_10A-01D-A060,0.0,0.0,0.0,1.0
TCGA-B6-A0WX-01A-11D-A10G-09_MN_10A-01D-A10G,0.0,0.0,2.0,0.0
TCGA-B7-5818-01A-11D-1598-02_MN_10A-01D-1598,0.0,0.0,1.0,1.0
TCGA-B9-4116-01A-02D-1402-10_MN_10A-01D-A31Z,0.0,0.0,0.0,1.0
TCGA-BA-4074-01A-01D-1431-02_MN_10A-01D-1431,0.0,0.0,1.0,1.0
TCGA-BA-4075-01A-01D-1431-02_MN_10A-01D-1431,3.0,0.0,0.0,0.0
TCGA-BA-4076-01A-01D-1431-02_MN_10A-01D-1431,0.0,1.0,4.0,3.0
TCGA-BA-4076-01A-01D-2266-10_MN_10A-01D-2266,2.0,2.0,6.0,1.0
TCGA-BA-4077-01B-01D-1431-02_MN_10A-01D-2268,0.0,0.0,1.0,0.0
TCGA-BA-4077-01B-01D-2268-08_MN_10A-01D-1431,0.0,0.0,1.0,0.0
TCGA-BA-4077-01B-01D-2268-08_MN_10A-01D-2268,0.0,0.0,1.0,1.0
TCGA-BA-4078-01A-01D-1431-02_MN_10A-01D-1431,0.0,1.0,2.0,1.0
TCGA-BA-5149-01A-01D-1509-02_MN_10A-01D-1509,1.0,0.0,0.0,0.0
TCGA-BA-5149-01A-01D-A32X-10_MN_10A-01D-A32X,1.0,0.0,0.0,0.0
TCGA-BA-5151-01A-01D-1431-02_MN_10A-01D-1431,0.0,0.0,0.0,1.0
TCGA-BA-5153-01A-01D-1431-02_MN_10A-01D-2268,0.0,0.0,1.0,0.0
TCGA-BA-5555-01A-01D-1509-02_MN_10A-01D-1509,0.0,0.0,1.0,0.0
TCGA-BA-6872-01A-11D-A32X-10_MN_10A-01D-A32X,0.0,1.0,3.0,1.0
TCGA-BA-6873-01A-11D-2266-10_MN_10A-01D-2266,0.0,0.0,6.0,0.0
TCGA-BA-A4IH-01A-11D-A25T-08_MN_10A-01D-A25T,0.0,0.0,1.0,0.0
TCGA-BB-4223-01A-01D-1431-02_MN_10A-01D-1431,0.0,0.0,1.0,0.0
TCGA-BB-4224-01A-01D-1431-02_MN_10A-01D-1431,0.0,0.0,2.0,1.0
TCGA-BC-A216-01A-11D-A152-10_MN_11A-11D-A152,0.0,0.0,0.0,1.0
TCGA-BC-A217-01A-11D-A152-10_MN_10A-01D-A152,0.0,2.0,0.0,1.0
TCGA-BG-A0LW-01A-11D-A043-02_MN_10A-01D-A043,0.0,1.0,0.0,0.0
TCGA-BG-A0M6-01A-31D-A101-02_MN_10A-01D-A101,1.0,0.0,0.0,0.0
TCGA-BH-A0B3-01A-11D-A128-09_MN_10A-01D-A128,1.0,2.0,1.0,0.0
TCGA-BH-A0B3-01A-11D-A128-09_MN_11B-21D-A128,1.0,0.0,2.0,0.0
TCGA-BH-A0B9-01A-11D-A128-09_MN_10A-01D-A128,0.0,1.0,4.0,0.0
TCGA-BH-A0DG-01A-21D-A12Q-09_MN_11A-43D-A12Q,0.0,1.0,1.0,0.0
TCGA-BH-A0GY-01A-11D-A060-02_MN_10A-01D-A060,2.0,1.0,3.0,0.0
TCGA-BH-A0H0-01A-11D-A314-09_MN_10A-01D-A314,0.0,0.0,1.0,0.0
TCGA-BH-A0H6-01A-21D-A060-02_MN_10A-01D-A060,0.0,0.0,1.0,0.0
TCGA-BH-A0H6-01A-21D-A314-09_MN_10A-01D-A314,0.0,1.0,2.0,0.0
TCGA-BH-A0H7-01A-13D-A060-02_MN_10A-01D-A060,0.0,0.0,2.0,0.0
TCGA-BH-A0HB-01A-11D-A060-02_MN_10A-01D-A060,0.0,0.0,1.0,1.0
TCGA-BH-A0HX-01A-21D-A060-02_MN_10A-02D-A060,1.0,2.0,1.0,1.0
TCGA-BH-A0WA-01A-11D-A128-09_MN_10A-01D-A128,0.0,0.0,2.0,0.0
TCGA-BH-A18R-01A-11D-A19H-09_MN_11A-42D-A19H,0.0,0.0,0.0,1.0
TCGA-BH-A18U-01A-21D-A19H-09_MN_11A-23D-A19H,1.0,1.0,7.0,3.0
TCGA-BH-A1FC-01A-11D-A13L-09_MN_11A-32D-A314,0.0,1.0,1.0,0.0
TCGA-BK-A0CC-01A-21D-A013-09_MN_10A-01D-A013,1.0,2.0,1.0,0.0
TCGA-BK-A139-01A-11D-A122-09_MN_10A-01D-A122,0.0,1.0,2.0,0.0
TCGA-BK-A139-01A-11D-A46W-08_MN_10A-01D-A46W,0.0,0.0,2.0,0.0
TCGA-BK-A139-01C-08D-A46W-08_MN_10A-01D-A46W,0.0,3.0,6.0,0.0
TCGA-BK-A26L-01A-11D-A46W-08_MN_10A-01D-A46W,2.0,1.0,4.0,0.0
TCGA-BK-A26L-01C-04D-A46W-08_MN_10A-01D-A46W,2.0,0.0,0.0,0.0
TCGA-BL-A0C8-01A-11D-A10R-02_MN_10A-01D-A10R,0.0,0.0,3.0,3.0
TCGA-BL-A0C8-01A-11D-A10R-02_MN_10A-01D-A46W,0.0,0.0,4.0,2.0
TCGA-BL-A0C8-01A-11D-A46W-08_MN_10A-01D-A10R,0.0,0.0,4.0,2.0
TCGA-BL-A0C8-01A-11D-A46W-08_MN_10A-01D-A46W,0.0,0.0,5.0,2.0
TCGA-BL-A0C8-01B-04D-A46W-08_MN_10A-01D-A10R,2.0,4.0,0.0,2.0
TCGA-BL-A0C8-01B-04D-A46W-08_MN_10A-01D-A46W,2.0,5.0,0.0,3.0
TCGA-BL-A13J-01A-11D-A10S-08_MN_10A-01D-A10R,1.0,1.0,4.0,0.0
TCGA-BL-A13J-01A-11D-A10S-08_MN_10A-01D-A10S,1.0,1.0,4.0,0.0
TCGA-BL-A13J-01A-11D-A10S-08_MN_10A-01D-A46W,1.0,1.0,4.0,0.0
TCGA-BL-A13J-01A-11D-A10S-08_MN_11A-13D-A10R,1.0,1.0,4.0,0.0
TCGA-BL-A13J-01A-11D-A46W-08_MN_10A-01D-A10R,1.0,2.0,0.0,2.0
TCGA-BL-A13J-01A-11D-A46W-08_MN_10A-01D-A10S,1.0,2.0,1.0,1.0
TCGA-BL-A13J-01A-11D-A46W-08_MN_10A-01D-A46W,1.0,1.0,1.0,2.0
TCGA-BL-A13J-01A-11D-A46W-08_MN_11A-13D-A10R,1.0,2.0,0.0,2.0
TCGA-BL-A13J-01B-04D-A46W-08_MN_10A-01D-A10R,4.0,1.0,0.0,0.0
TCGA-BL-A13J-01B-04D-A46W-08_MN_10A-01D-A10S,4.0,1.0,0.0,0.0
TCGA-BL-A13J-01B-04D-A46W-08_MN_10A-01D-A46W,4.0,1.0,0.0,0.0
TCGA-BL-A13J-01B-04D-A46W-08_MN_11A-13D-A10R,4.0,1.0,0.0,0.0
TCGA-BR-4183-01A-02D-1128-02_MN_11A-01D-1128,1.0,2.0,0.0,2.0
TCGA-BR-4255-01A-01D-1128-02_MN_11A-01D-1128,0.0,0.0,0.0,1.0
TCGA-BR-4255-01A-01D-1128-02_MN_11A-01D-A290,0.0,0.0,0.0,1.0
TCGA-BR-4255-01A-01D-A290-08_MN_11A-01D-1128,0.0,1.0,1.0,0.0
TCGA-BR-4255-01A-01D-A290-08_MN_11A-01D-A290,0.0,1.0,1.0,0.0
TCGA-BR-4267-01A-01D-1128-02_MN_11A-01D-1128,0.0,0.0,0.0,1.0
TCGA-BR-4357-01A-01D-1154-02_MN_11A-01D-1154,0.0,3.0,5.0,6.0
TCGA-BR-4366-01A-01D-1154-02_MN_11A-01D-1154,4.0,2.0,3.0,1.0
TCGA-BR-4367-01A-01D-1154-02_MN_11A-01D-1154,0.0,0.0,2.0,1.0
TCGA-BR-4369-01A-01D-1154-02_MN_11A-01D-1154,0.0,3.0,1.0,2.0
TCGA-BR-6454-01A-11D-1798-02_MN_11A-01D-1798,1.0,0.0,0.0,0.0
TCGA-BR-6457-01A-21D-1798-02_MN_10A-01D-1798,0.0,0.0,1.0,0.0
TCGA-BR-6458-01A-11D-1798-02_MN_10A-01D-1798,2.0,4.0,3.0,0.0
TCGA-BR-6564-01A-12D-1880-02_MN_10A-01D-1880,0.0,1.0,0.0,0.0
TCGA-BR-6564-01A-12D-1880-02_MN_10A-01D-1882,0.0,1.0,0.0,0.0
TCGA-BR-6564-01A-12D-1882-08_MN_10A-01D-1880,0.0,0.0,2.0,0.0
TCGA-BR-6564-01A-12D-1882-08_MN_10A-01D-1882,0.0,0.0,1.0,0.0
TCGA-BR-6565-01A-11D-1798-02_MN_10A-01D-1798,0.0,0.0,2.0,0.0
TCGA-BR-6705-01A-12D-1880-02_MN_10A-01D-1880,1.0,0.0,2.0,0.0
TCGA-BR-6706-01A-11D-1880-02_MN_10A-01D-1880,0.0,0.0,0.0,1.0
TCGA-BR-8373-01A-11D-2340-08_MN_10A-01D-2341,0.0,0.0,2.0,1.0
TCGA-BR-8486-01A-31D-2394-08_MN_10A-01D-2394,0.0,1.0,2.0,2.0
TCGA-BR-8682-01A-11D-2394-08_MN_10A-01D-2394,0.0,0.0,1.0,0.0
TCGA-BR-A4J4-01A-12D-A25D-08_MN_10A-01D-A25E,0.0,0.0,0.0,1.0
TCGA-BS-A0U9-01B-21D-A10M-09_MN_10A-01D-A325,13.0,19.0,50.0,0.0
TCGA-BS-A0V8-01A-11D-A122-09_MN_10A-01D-A122,0.0,1.0,0.0,0.0
TCGA-BT-A0S7-01A-11D-A10R-02_MN_10A-01D-A10R,1.0,0.0,0.0,0.0
TCGA-BT-A20N-01A-11D-A14U-02_MN_11A-11D-A14U,0.0,0.0,1.0,0.0
TCGA-BT-A20P-01A-11D-A14U-02_MN_11A-11D-A14U,0.0,0.0,0.0,1.0
TCGA-BT-A20P-01A-11D-A14U-02_MN_11A-11D-A14W,0.0,0.0,0.0,1.0
TCGA-BT-A20P-01A-11D-A14W-08_MN_11A-11D-A14U,0.0,0.0,0.0,1.0
TCGA-BT-A20P-01A-11D-A14W-08_MN_11A-11D-A14W,0.0,0.0,0.0,1.0
TCGA-BT-A20Q-01A-11D-A14U-02_MN_11A-11D-A14U,0.0,0.0,0.0,1.0
TCGA-BT-A20Q-01A-11D-A14U-02_MN_11A-11D-A14W,0.0,0.0,0.0,1.0
TCGA-BT-A20Q-01A-11D-A14W-08_MN_11A-11D-A14U,0.0,0.0,0.0,1.0
TCGA-BT-A20Q-01A-11D-A14W-08_MN_11A-11D-A14W,0.0,1.0,0.0,0.0
TCGA-BT-A20R-01A-12D-A16N-02_MN_11A-11D-A16N,0.0,0.0,0.0,1.0
TCGA-BT-A20V-01A-11D-A14W-08_MN_11A-11D-A14W,1.0,2.0,7.0,1.0
TCGA-BT-A20W-01A-21D-A14U-02_MN_11A-11D-A14U,0.0,3.0,0.0,0.0
TCGA-BT-A2LA-01A-11D-A18D-02_MN_11A-11D-A18D,2.0,0.0,0.0,0.0
TCGA-BT-A2LA-01A-11D-A18D-02_MN_11A-11D-A18F,2.0,0.0,2.0,0.0
TCGA-BT-A2LA-01A-11D-A18F-08_MN_11A-11D-A18D,2.0,0.0,3.0,0.0
TCGA-BT-A2LA-01A-11D-A18F-08_MN_11A-11D-A18F,2.0,0.0,3.0,0.0
TCGA-BT-A2LB-01A-11D-A18D-02_MN_10A-01D-A18D,1.0,0.0,0.0,0.0
TCGA-BT-A2LB-01A-11D-A18D-02_MN_11A-11D-A18D,1.0,0.0,0.0,0.0
TCGA-BT-A2LD-01A-12D-A210-26_MN_10A-01D-A210,1.0,1.0,2.0,1.0
TCGA-BT-A3PH-01A-11D-A21Z-08_MN_10A-01D-A21Z,1.0,0.0,1.0,0.0
TCGA-BT-A3PH-01A-11D-A21Z-08_MN_10A-01D-A221,1.0,0.0,1.0,0.0
TCGA-BT-A3PH-01A-11D-A221-26_MN_10A-01D-A21Z,2.0,0.0,0.0,0.0
TCGA-BT-A3PH-01A-11D-A221-26_MN_10A-01D-A221,2.0,0.0,0.0,0.0
TCGA-BT-A3PJ-01A-21D-A21Z-08_MN_10A-01D-A21Z,3.0,0.0,3.0,1.0
TCGA-BT-A3PJ-01A-21D-A21Z-08_MN_10A-01D-A221,3.0,0.0,3.0,1.0
TCGA-BT-A3PJ-01A-21D-A221-26_MN_10A-01D-A21Z,3.0,0.0,2.0,1.0
TCGA-BT-A3PJ-01A-21D-A221-26_MN_10A-01D-A221,3.0,0.0,2.0,1.0
TCGA-BT-A3PK-01A-21D-A221-26_MN_10A-01D-A221,0.0,0.0,1.0,0.0
TCGA-BW-A5NO-01A-11D-A27I-10_MN_10A-01D-A27I,0.0,1.0,4.0,0.0
TCGA-C4-A0F0-01A-12D-A10R-02_MN_10A-01D-A10R,0.0,0.0,0.0,3.0
TCGA-C4-A0F6-01A-11D-A10R-02_MN_10A-01D-A10R,1.0,0.0,0.0,1.0
TCGA-C4-A0F7-01A-11D-A10S-08_MN_10A-01D-A10S,1.0,2.0,22.0,2.0
TCGA-C5-A0TN-01A-21D-A200-09_MN_10B-01D-A200,1.0,0.0,0.0,0.0
TCGA-C5-A1BF-01B-11D-A200-09_MN_10A-01D-A200,0.0,0.0,1.0,0.0
TCGA-C5-A1BJ-01A-11D-A200-09_MN_10A-01D-A200,0.0,0.0,2.0,1.0
TCGA-C5-A1BN-01B-11D-A200-09_MN_10A-01D-A200,3.0,0.0,4.0,0.0
TCGA-C5-A1M9-01A-11D-A200-09_MN_10A-01D-A200,0.0,0.0,0.0,1.0
TCGA-C5-A1ML-01A-11D-A200-09_MN_10A-01D-A200,0.0,1.0,1.0,0.0
TCGA-C5-A2LV-01A-11D-A18J-09_MN_10A-01D-A18J,2.0,0.0,2.0,0.0
TCGA-C5-A2LX-01A-11D-A18I-02_MN_10A-01D-A18I,0.0,1.0,0.0,0.0
TCGA-C5-A2LY-01A-31D-A18J-09_MN_10A-01D-A18J,2.0,1.0,0.0,2.0
TCGA-C5-A2M1-01A-11D-A18I-02_MN_10A-01D-A18I,0.0,0.0,1.0,1.0
TCGA-C5-A3HD-01B-11D-A20X-26_MN_10A-01D-A20X,0.0,0.0,0.0,2.0
TCGA-C5-A3HE-01A-21D-A232-26_MN_10A-01D-A232,0.0,1.0,0.0,0.0
TCGA-C8-A12L-01A-11D-A19H-09_MN_10A-01D-A19H,0.0,1.0,3.0,0.0
TCGA-C8-A12Q-01A-11D-A19H-09_MN_10A-01D-A19H,0.0,2.0,5.0,1.0
TCGA-C8-A130-01A-31D-A19H-09_MN_10A-01D-A19H,0.0,0.0,3.0,2.0
TCGA-CD-5799-01A-11D-1598-02_MN_10A-01D-1598,0.0,2.0,0.0,2.0
TCGA-CD-5799-01A-11D-1598-02_MN_10A-01D-1600,0.0,2.0,0.0,2.0
TCGA-CD-5799-01A-11D-1600-08_MN_10A-01D-1598,0.0,2.0,1.0,2.0
TCGA-CD-5799-01A-11D-1600-08_MN_10A-01D-1600,0.0,3.0,2.0,2.0
TCGA-CD-5800-01A-11D-1598-02_MN_10A-01D-1598,2.0,1.0,4.0,1.0
TCGA-CD-5802-01A-11D-1598-02_MN_10A-01D-1598,0.0,0.0,0.0,1.0
TCGA-CD-5802-01A-11D-1598-02_MN_10A-01D-1600,0.0,0.0,0.0,1.0
TCGA-CD-5802-01A-11D-1600-08_MN_10A-01D-1598,0.0,1.0,1.0,0.0
TCGA-CD-5802-01A-11D-1600-08_MN_10A-01D-1600,0.0,1.0,1.0,0.0
TCGA-CD-5813-01A-11D-1598-02_MN_10A-01D-1598,0.0,0.0,1.0,0.0
TCGA-CF-A1HS-01A-11D-A13U-02_MN_10A-01D-A13U,0.0,0.0,6.0,1.0
TCGA-CF-A3MG-01A-11D-A210-26_MN_10A-01D-A210,0.0,1.0,0.0,0.0
TCGA-CF-A3MI-01A-11D-A210-26_MN_10A-01D-A210,0.0,1.0,1.0,0.0
TCGA-CG-4300-01A-01D-1154-02_MN_10A-01D-1154,0.0,0.0,0.0,1.0
TCGA-CG-4301-01A-01D-A326-26_MN_10A-01D-1154,0.0,0.0,0.0,2.0
TCGA-CG-4301-01A-01D-A326-26_MN_10A-01D-A326,0.0,0.0,1.0,3.0
TCGA-CG-4436-01A-01D-1154-02_MN_10A-01D-1154,1.0,0.0,0.0,0.0
TCGA-CG-4437-01A-01D-1798-02_MN_10A-01D-1798,0.0,0.0,1.0,0.0
TCGA-CG-4440-01A-01D-A326-26_MN_10A-01D-A326,0.0,0.0,0.0,1.0
TCGA-CG-4443-01A-01D-1154-02_MN_10A-01D-1154,0.0,0.0,2.0,0.0
TCGA-CG-4443-01A-01D-1154-02_MN_10A-01D-A290,0.0,0.0,2.0,0.0
TCGA-CG-4443-01A-01D-A290-08_MN_10A-01D-1154,0.0,0.0,1.0,0.0
TCGA-CG-4443-01A-01D-A290-08_MN_10A-01D-A290,0.0,0.0,1.0,0.0
TCGA-CG-4444-01A-01D-A326-26_MN_10A-01D-A326,2.0,0.0,4.0,1.0
TCGA-CG-4449-01A-01D-A326-26_MN_10A-01D-A326,1.0,1.0,3.0,4.0
TCGA-CG-4455-01A-01D-1154-02_MN_10A-01D-1154,0.0,1.0,1.0,0.0
TCGA-CG-4466-01A-01D-1154-02_MN_10A-01D-1154,0.0,0.0,1.0,1.0
TCGA-CG-4469-01A-01D-1154-02_MN_10A-01D-1154,0.0,0.0,2.0,2.0
TCGA-CG-4472-01A-01D-1154-02_MN_10A-01D-1154,2.0,1.0,0.0,1.0
TCGA-CG-4475-01A-01D-1154-02_MN_10A-01D-1154,2.0,0.0,0.0,1.0
TCGA-CG-4476-01A-01D-1154-02_MN_10A-01D-1154,0.0,0.0,2.0,0.0
TCGA-CG-5718-01A-11D-1598-02_MN_10A-01D-1598,2.0,0.0,0.0,0.0
TCGA-CG-5724-01A-11D-1598-02_MN_11A-01D-1598,2.0,1.0,2.0,1.0
TCGA-CG-5724-01A-11D-1598-02_MN_11A-01D-1600,2.0,1.0,2.0,1.0
TCGA-CG-5724-01A-11D-1600-08_MN_11A-01D-1598,1.0,0.0,5.0,1.0
TCGA-CG-5724-01A-11D-1600-08_MN_11A-01D-1600,1.0,0.0,3.0,2.0
TCGA-CG-5725-01A-11D-1598-02_MN_11A-01D-1598,0.0,0.0,0.0,2.0
TCGA-CG-5727-01A-11D-1598-02_MN_11A-01D-1598,0.0,0.0,2.0,1.0
TCGA-CG-5730-01A-11D-1598-02_MN_11A-01D-1598,2.0,0.0,1.0,2.0
TCGA-CG-5730-01A-11D-1598-02_MN_11A-01D-1600,2.0,0.0,2.0,2.0
TCGA-CG-5730-01A-11D-1600-08_MN_11A-01D-1598,0.0,0.0,3.0,3.0
TCGA-CG-5730-01A-11D-1600-08_MN_11A-01D-1600,0.0,0.0,3.0,3.0
TCGA-CG-5732-01A-11D-1598-02_MN_11A-01D-1598,0.0,0.0,2.0,0.0
TCGA-CG-5734-01A-11D-1598-02_MN_11A-01D-1598,0.0,0.0,0.0,1.0
TCGA-CH-5751-01A-11D-1572-02_MN_10A-01D-1572,0.0,0.0,1.0,1.0
TCGA-CH-5761-01A-11D-1572-02_MN_11A-01D-1572,0.0,1.0,1.0,3.0
TCGA-CH-5788-01A-11D-1572-02_MN_10A-01D-1572,0.0,0.0,1.0,0.0
TCGA-CH-5788-01A-11D-1572-02_MN_10A-01D-1576,0.0,0.0,1.0,0.0
TCGA-CH-5788-01A-11D-1576-08_MN_10A-01D-1572,0.0,0.0,1.0,0.0
TCGA-CH-5788-01A-11D-1576-08_MN_10A-01D-1576,0.0,0.0,1.0,0.0
TCGA-CN-4725-01A-01D-1431-02_MN_10A-01D-1431,1.0,0.0,0.0,0.0
TCGA-CN-4727-01A-01D-1431-02_MN_10A-01D-1431,0.0,1.0,3.0,0.0
TCGA-CN-4729-01A-01D-1431-02_MN_10A-01D-1431,2.0,0.0,0.0,1.0
TCGA-CN-4733-01A-02D-1868-02_MN_10A-01D-1868,1.0,0.0,0.0,0.0
TCGA-CN-4735-01A-01D-1431-02_MN_10A-01D-1431,1.0,0.0,2.0,0.0
TCGA-CN-4736-01A-01D-1431-02_MN_10A-01D-1431,0.0,1.0,0.0,0.0
TCGA-CN-4737-01A-01D-1431-02_MN_10A-01D-1431,1.0,1.0,0.0,0.0
TCGA-CN-4737-01A-01D-2266-10_MN_10A-01D-2266,1.0,0.0,1.0,0.0
TCGA-CN-4738-01A-02D-1509-02_MN_10A-01D-1509,0.0,1.0,0.0,0.0
TCGA-CN-4739-01A-02D-1509-02_MN_10A-01D-1509,0.0,0.0,2.0,0.0
TCGA-CN-4740-01A-01D-1431-02_MN_10A-01D-1431,1.0,0.0,1.0,2.0
TCGA-CN-4741-01A-01D-1431-02_MN_10A-01D-1431,0.0,1.0,1.0,0.0
TCGA-CN-4741-01A-01D-1431-02_MN_10A-01D-2268,0.0,1.0,1.0,0.0
TCGA-CN-4741-01A-01D-2268-08_MN_10A-01D-1431,0.0,1.0,1.0,0.0
TCGA-CN-4741-01A-01D-2268-08_MN_10A-01D-2268,0.0,1.0,1.0,0.0
TCGA-CN-4742-01A-02D-1509-02_MN_10A-01D-1509,1.0,0.0,4.0,0.0
TCGA-CN-5363-01A-01D-1431-02_MN_10A-01D-1431,0.0,1.0,1.0,0.0
TCGA-CN-5365-01A-01D-2276-10_MN_10A-01D-2276,1.0,1.0,0.0,1.0
TCGA-CN-5367-01A-01D-1431-02_MN_10A-01D-1431,2.0,0.0,0.0,1.0
TCGA-CN-6011-01A-11D-A32X-10_MN_10A-01D-A32X,1.0,0.0,3.0,1.0
TCGA-CN-6013-01A-11D-1681-02_MN_10A-01D-1681,0.0,1.0,1.0,1.0
TCGA-CN-6018-01A-11D-1681-02_MN_10A-01D-1681,0.0,0.0,3.0,0.0
TCGA-CN-6989-01A-11D-A32X-10_MN_10A-01D-A32X,0.0,0.0,1.0,0.0
TCGA-CN-6994-01A-11D-A32X-10_MN_10A-01D-A32X,2.0,2.0,2.0,0.0
TCGA-CN-6996-01A-11D-1911-02_MN_10A-01D-1911,0.0,0.0,0.0,1.0
TCGA-CQ-5329-01A-01D-1681-02_MN_10A-01D-1681,1.0,0.0,0.0,0.0
TCGA-CQ-5330-01A-01D-1681-02_MN_10A-01D-1681,0.0,0.0,0.0,1.0
TCGA-CQ-6221-01A-11D-2317-26_MN_10A-01D-2317,1.0,0.0,0.0,0.0
TCGA-CQ-6223-01A-11D-1911-02_MN_10A-01D-1911,0.0,1.0,0.0,0.0
TCGA-CQ-6224-01A-11D-1911-02_MN_10A-01D-1911,1.0,0.0,1.0,0.0
TCGA-CQ-6225-01A-11D-1911-02_MN_10A-01D-1911,1.0,1.0,0.0,1.0
TCGA-CQ-6225-01A-11D-A32X-10_MN_10A-01D-A32X,2.0,0.0,3.0,0.0
TCGA-CQ-6228-01A-11D-A32X-10_MN_10A-01D-A32X,0.0,1.0,3.0,2.0
TCGA-CQ-6229-01A-11D-1911-02_MN_10A-01D-1911,0.0,0.0,0.0,1.0
TCGA-CQ-7065-01A-11D-2317-26_MN_10A-01D-2317,0.0,0.0,2.0,0.0
TCGA-CR-5249-01A-01D-2276-10_MN_10A-01D-2276,0.0,0.0,2.0,0.0
TCGA-CR-6482-01A-11D-2268-08_MN_10A-01D-2268,0.0,0.0,1.0,1.0
TCGA-CR-6487-01A-11D-2268-08_MN_10A-01D-2268,0.0,0.0,1.0,0.0
TCGA-CR-6491-01A-11D-A32X-10_MN_10A-01D-A32X,1.0,1.0,1.0,0.0
TCGA-CR-7404-01A-11D-2334-08_MN_10A-01D-2334,1.0,0.0,3.0,0.0
TCGA-CS-4941-01A-01D-1465-02_MN_10A-01D-1465,0.0,0.0,0.0,2.0
TCGA-CS-5395-01A-01D-1468-08_MN_10A-01D-1468,0.0,1.0,1.0,0.0
TCGA-CS-6665-01A-11D-1893-08_MN_10A-01D-1893,0.0,1.0,0.0,1.0
TCGA-CU-A0YN-01A-21D-A10R-02_MN_11A-11D-A10R,2.0,0.0,0.0,0.0
TCGA-CU-A0YR-01A-12D-A10R-02_MN_10A-01D-A10R,1.0,0.0,1.0,1.0
TCGA-CU-A0YR-01A-12D-A10R-02_MN_11A-13D-A10R,1.0,0.0,2.0,1.0
TCGA-CU-A3KJ-01A-11D-A21C-26_MN_10A-01D-A21C,1.0,0.0,2.0,0.0
TCGA-CU-A3QU-01A-11D-A233-26_MN_10B-01D-A233,1.0,0.0,0.0,0.0
TCGA-CV-5431-01A-01D-1509-02_MN_11A-01D-1509,2.0,0.0,2.0,1.0
TCGA-CV-5431-01A-01D-A32X-10_MN_11A-01D-A32X,0.0,0.0,4.0,1.0
TCGA-CV-5432-01A-02D-A32X-10_MN_10A-01D-A32X,2.0,1.0,4.0,1.0
TCGA-CV-5439-01A-01D-1681-02_MN_11B-01D-1681,1.0,0.0,0.0,0.0
TCGA-CV-5442-01A-01D-2266-10_MN_11A-01D-2266,0.0,0.0,1.0,0.0
TCGA-CV-5443-01A-01D-2268-08_MN_11A-01D-2268,0.0,0.0,1.0,1.0
TCGA-CV-5973-01A-11D-1681-02_MN_11A-01D-1681,1.0,0.0,0.0,3.0
TCGA-CV-5973-01A-11D-A32X-10_MN_11A-01D-A32X,1.0,0.0,1.0,3.0
TCGA-CV-5976-01A-11D-1681-02_MN_11A-01D-1681,1.0,0.0,1.0,0.0
TCGA-CV-5977-01A-11D-1681-02_MN_11A-01D-1681,0.0,0.0,0.0,1.0
TCGA-CV-6003-01A-11D-1681-02_MN_11A-01D-1681,1.0,0.0,0.0,1.0
TCGA-CV-6433-01A-11D-2276-10_MN_11A-01D-2276,0.0,0.0,0.0,1.0
TCGA-CV-6933-01A-11D-1911-02_MN_10A-01D-1911,1.0,1.0,1.0,2.0
TCGA-CV-6933-01A-11D-1911-02_MN_11A-01D-1911,1.0,2.0,0.0,2.0
TCGA-CV-6945-01A-11D-1911-02_MN_10A-01D-1911,0.0,1.0,1.0,0.0
TCGA-CV-6948-01A-11D-1911-02_MN_10A-01D-1911,1.0,0.0,0.0,1.0
TCGA-CV-6954-01A-11D-1911-02_MN_10A-01D-1911,1.0,0.0,1.0,0.0
TCGA-CV-6954-01A-11D-1911-02_MN_11A-01D-1911,1.0,0.0,1.0,0.0
TCGA-CV-6956-01A-21D-A32X-10_MN_10A-01D-A32X,0.0,0.0,1.0,0.0
TCGA-CV-6959-01A-11D-1911-02_MN_10A-01D-1911,0.0,0.0,1.0,1.0
TCGA-CV-6959-01A-11D-1911-02_MN_11A-01D-1911,0.0,0.0,1.0,1.0
TCGA-CV-6960-01A-41D-2317-26_MN_10A-01D-2317,2.0,0.0,0.0,0.0
TCGA-CV-7090-01A-11D-2276-10_MN_10A-01D-2276,0.0,0.0,1.0,2.0
TCGA-CV-7091-01A-11D-2317-26_MN_10A-01D-2317,3.0,0.0,0.0,0.0
TCGA-CV-7095-01A-21D-2317-26_MN_10A-01D-2317,1.0,0.0,2.0,0.0
TCGA-CV-7100-01A-11D-2268-08_MN_10A-01D-2268,0.0,0.0,2.0,0.0
TCGA-CV-7178-01A-21D-2317-26_MN_10A-01D-2317,2.0,0.0,1.0,0.0
TCGA-CV-7180-01A-11D-2266-10_MN_10A-01D-2266,0.0,0.0,1.0,0.0
TCGA-CV-7247-01A-11D-2317-26_MN_10A-01D-2317,0.0,2.0,0.0,0.0
TCGA-CV-7255-01A-11D-2276-10_MN_11A-01D-2276,1.0,1.0,0.0,0.0
TCGA-CV-7407-01A-11D-2317-26_MN_10A-01D-2317,0.0,0.0,3.0,1.0
TCGA-CV-7414-01A-11D-2317-26_MN_10A-01D-2317,6.0,0.0,1.0,0.0
TCGA-CV-7416-01A-11D-2334-08_MN_11A-01D-2334,0.0,1.0,1.0,1.0
TCGA-CV-7428-01A-11D-2317-26_MN_10A-01D-2317,1.0,0.0,0.0,0.0
TCGA-CV-7429-01A-11D-2317-26_MN_10A-01D-2317,0.0,0.0,1.0,0.0
TCGA-CV-7432-01A-11D-2317-26_MN_10A-01D-2317,1.0,1.0,0.0,0.0
TCGA-CV-7432-01A-11D-A32X-10_MN_10A-01D-A32X,1.0,0.0,2.0,0.0
TCGA-CV-7434-01A-11D-2317-26_MN_10A-01D-2317,3.0,0.0,2.0,0.0
TCGA-CX-7086-01A-11D-A32X-10_MN_10D-01D-A32X,1.0,1.0,1.0,0.0
TCGA-D1-A169-01A-11D-A12F-02_MN_10A-01D-A12F,0.0,0.0,0.0,1.0
TCGA-D1-A16G-01A-31D-A12J-09_MN_10A-01D-A12J,0.0,0.0,0.0,1.0
TCGA-D1-A16N-01A-11D-A12F-02_MN_10A-01D-A12F,0.0,1.0,0.0,0.0
TCGA-D1-A17K-01A-11D-A12F-02_MN_10A-01D-A12F,1.0,1.0,3.0,0.0
TCGA-D1-A17K-01A-11D-A325-09_MN_10A-01D-A325,0.0,0.0,2.0,2.0
TCGA-D1-A1NU-01A-11D-A34H-09_MN_10A-01D-A14G,0.0,0.0,11.0,0.0
TCGA-D1-A1O0-01A-11D-A17E-02_MN_10A-01D-A17E,0.0,0.0,1.0,2.0
TCGA-D1-A2G6-01A-11D-A17E-02_MN_10A-01D-A17E,0.0,0.0,1.0,0.0
TCGA-D3-A1Q1-06A-21D-A196-08_MN_10A-01D-A198,0.0,1.0,5.0,0.0
TCGA-D3-A1Q5-06A-11D-A196-08_MN_10A-01D-A198,0.0,1.0,2.0,0.0
TCGA-D3-A1Q9-06A-11D-A18Z-02_MN_10A-01D-A18Z,0.0,3.0,1.0,1.0
TCGA-D3-A2J6-06A-11D-A18Z-02_MN_10A-01D-A18Z,1.0,3.0,0.0,0.0
TCGA-D3-A2JC-06A-11D-A18Z-02_MN_10A-01D-A18Z,0.0,0.0,0.0,1.0
TCGA-D3-A3C3-06A-12D-A18Z-02_MN_10A-01D-A18Z,0.0,1.0,0.0,0.0
TCGA-D3-A3CC-06A-11D-A18Z-02_MN_10A-01D-A18Z,0.0,0.0,0.0,1.0
TCGA-D3-A3MO-06A-11D-A21A-08_MN_10A-01D-A21A,0.0,0.0,2.0,0.0
TCGA-D6-6823-01A-11D-1911-02_MN_10A-01D-1911,0.0,1.0,0.0,0.0
TCGA-D6-6825-01A-21D-1911-02_MN_10A-01D-1911,0.0,1.0,1.0,0.0
TCGA-D6-6826-01A-11D-1911-02_MN_10A-01D-1911,2.0,0.0,1.0,1.0
TCGA-D7-5578-01A-01D-1598-02_MN_10A-01D-1598,0.0,1.0,1.0,0.0
TCGA-D7-5579-01A-01D-1598-02_MN_10A-01D-1598,0.0,1.0,1.0,0.0
TCGA-D7-5579-01A-01D-1598-02_MN_10A-01D-1600,0.0,0.0,1.0,1.0
TCGA-D7-5579-01A-01D-1600-08_MN_10A-01D-1598,0.0,1.0,1.0,0.0
TCGA-D7-5579-01A-01D-1600-08_MN_10A-01D-1600,0.0,1.0,1.0,0.0
TCGA-D7-6518-01A-11D-1798-02_MN_10A-01D-1798,0.0,0.0,1.0,1.0
TCGA-D7-6518-01A-11D-1798-02_MN_10A-01D-1800,0.0,0.0,1.0,1.0
TCGA-D7-6519-01A-11D-1798-02_MN_10A-01D-1798,0.0,1.0,0.0,1.0
TCGA-D7-6519-01A-11D-1798-02_MN_10A-01D-1800,0.0,1.0,0.0,1.0
TCGA-D7-6519-01A-11D-1800-08_MN_10A-01D-1798,0.0,0.0,1.0,1.0
TCGA-D7-6519-01A-11D-1800-08_MN_10A-01D-1800,0.0,0.0,1.0,1.0
TCGA-D7-6520-01A-11D-1798-02_MN_10A-01D-1798,0.0,0.0,1.0,0.0
TCGA-D7-6521-01A-11D-1798-02_MN_10A-01D-1798,0.0,1.0,0.0,0.0
TCGA-D7-6526-01A-11D-1798-02_MN_10A-01D-1798,2.0,0.0,4.0,2.0
TCGA-D7-6527-01A-11D-1798-02_MN_10A-01D-1798,0.0,1.0,1.0,2.0
TCGA-D7-6527-01A-11D-1798-02_MN_10A-01D-1800,0.0,1.0,2.0,2.0
TCGA-D7-6527-01A-11D-1800-08_MN_10A-01D-1798,0.0,1.0,6.0,2.0
TCGA-D7-6527-01A-11D-1800-08_MN_10A-01D-1800,0.0,1.0,8.0,2.0
TCGA-D7-6528-01A-11D-1798-02_MN_10A-01D-1798,2.0,0.0,2.0,0.0
TCGA-D7-6528-01A-11D-1798-02_MN_10A-01D-1800,2.0,0.0,1.0,0.0
TCGA-D7-6528-01A-11D-1800-08_MN_10A-01D-1798,2.0,0.0,5.0,0.0
TCGA-D7-6528-01A-11D-1800-08_MN_10A-01D-1800,2.0,0.0,2.0,0.0
TCGA-D7-6815-01A-11D-1880-02_MN_10A-01D-1880,1.0,1.0,1.0,0.0
TCGA-D7-6815-01A-11D-1880-02_MN_10A-01D-1882,1.0,1.0,1.0,0.0
TCGA-D7-6815-01A-11D-1882-08_MN_10A-01D-1880,0.0,0.0,3.0,0.0
TCGA-D7-6815-01A-11D-1882-08_MN_10A-01D-1882,1.0,1.0,1.0,0.0
TCGA-D7-6817-01A-11D-1880-02_MN_10A-01D-1880,3.0,1.0,0.0,0.0
TCGA-D7-6818-01A-11D-1880-02_MN_10A-01D-1880,0.0,0.0,0.0,1.0
TCGA-D7-6820-01A-11D-1880-02_MN_10A-01D-1880,1.0,1.0,1.0,2.0
TCGA-D7-6822-01A-11D-1880-02_MN_10A-01D-1880,0.0,0.0,2.0,1.0
TCGA-D7-6822-01A-11D-1880-02_MN_10A-01D-1882,0.0,0.0,3.0,1.0
TCGA-D7-6822-01A-11D-1882-08_MN_10A-01D-1880,0.0,0.0,4.0,0.0
TCGA-D7-6822-01A-11D-1882-08_MN_10A-01D-1882,0.0,0.0,5.0,0.0
TCGA-D7-A4YX-01A-11D-A25D-08_MN_10A-01D-A25E,0.0,0.0,0.0,1.0
TCGA-D8-A27H-01A-11D-A314-09_MN_10A-01D-A17G,0.0,2.0,1.0,0.0
TCGA-D9-A1JW-06A-11D-A18Z-02_MN_10A-01D-A18Z,0.0,0.0,1.0,0.0
TCGA-D9-A1X3-06A-11D-A18Y-02_MN_10A-01D-A190,0.0,2.0,1.0,1.0
TCGA-DA-A1HW-06A-11D-A18Z-02_MN_10A-01D-A18Z,0.0,0.0,3.0,0.0
TCGA-DA-A1HW-06A-11D-A18Z-02_MN_10A-01D-A19A,0.0,0.0,3.0,0.0
TCGA-DA-A1HW-06A-11D-A19A-08_MN_10A-01D-A18Z,0.0,0.0,2.0,0.0
TCGA-DA-A1HW-06A-11D-A19A-08_MN_10A-01D-A19A,0.0,0.0,3.0,0.0
TCGA-DA-A1I5-06A-11D-A18Y-02_MN_10A-01D-A190,0.0,0.0,1.0,0.0
TCGA-DA-A1I8-06A-11D-A18Y-02_MN_10A-01D-A190,0.0,0.0,2.0,0.0
TCGA-DA-A1I8-06A-11D-A18Y-02_MN_10A-01D-A199,0.0,0.0,3.0,0.0
TCGA-DA-A1I8-06A-11D-A197-08_MN_10A-01D-A190,0.0,0.0,1.0,0.0
TCGA-DA-A1I8-06A-11D-A197-08_MN_10A-01D-A199,0.0,0.0,3.0,0.0
TCGA-DA-A3F3-06A-11D-A20D-08_MN_10A-01D-A20D,0.0,2.0,6.0,0.0
TCGA-DA-A3F5-06A-11D-A20D-08_MN_10A-01D-A20D,0.0,0.0,1.0,1.0
TCGA-DD-A1EI-01A-11D-A12Z-10_MN_11A-11D-A12Z,0.0,0.0,3.0,0.0
TCGA-DD-A1EJ-01A-11D-A152-10_MN_10A-01D-A152,0.0,0.0,1.0,0.0
TCGA-DD-A3A7-01A-11D-A22F-10_MN_11A-11D-A22F,0.0,1.0,0.0,0.0
TCGA-DD-A4ND-01A-11D-A25V-10_MN_11A-11D-A25V,0.0,1.0,0.0,0.0
TCGA-DD-A4NE-01A-11D-A27I-10_MN_11A-11D-A27I,0.0,0.0,0.0,2.0
TCGA-DG-A2KJ-01A-11D-A18J-09_MN_10A-01D-A18J,0.0,0.0,3.0,0.0
TCGA-DI-A1NN-01A-11D-A34H-09_MN_11A-21D-A16D,0.0,0.0,1.0,2.0
TCGA-DK-A1A3-01A-11D-A13U-02_MN_10A-01D-A13U,0.0,2.0,2.0,0.0
TCGA-DK-A1A5-01A-11D-A13U-02_MN_10A-01D-A13U,0.0,2.0,1.0,1.0
TCGA-DK-A1A5-01A-11D-A13U-02_MN_10A-01D-A13W,0.0,1.0,3.0,1.0
TCGA-DK-A1A5-01A-11D-A13W-08_MN_10A-01D-A13U,1.0,0.0,2.0,1.0
TCGA-DK-A1A5-01A-11D-A13W-08_MN_10A-01D-A13W,1.0,0.0,1.0,1.0
TCGA-DK-A1A6-01A-11D-A13U-02_MN_10A-01D-A13U,2.0,1.0,4.0,3.0
TCGA-DK-A1A6-01A-11D-A13U-02_MN_10A-01D-A13W,2.0,1.0,4.0,2.0
TCGA-DK-A1A6-01A-11D-A13W-08_MN_10A-01D-A13U,2.0,0.0,8.0,3.0
TCGA-DK-A1A6-01A-11D-A13W-08_MN_10A-01D-A13W,2.0,0.0,7.0,3.0
TCGA-DK-A1A7-01A-11D-A13U-02_MN_10A-01D-A13U,2.0,5.0,11.0,3.0
TCGA-DK-A1A7-01A-11D-A13U-02_MN_10A-01D-A13W,2.0,6.0,9.0,3.0
TCGA-DK-A1A7-01A-11D-A13W-08_MN_10A-01D-A13U,1.0,7.0,19.0,1.0
TCGA-DK-A1A7-01A-11D-A13W-08_MN_10A-01D-A13W,1.0,7.0,25.0,1.0
TCGA-DK-A1AC-01A-11D-A13U-02_MN_10A-01D-A13U,1.0,2.0,3.0,1.0
TCGA-DK-A1AD-01A-11D-A13U-02_MN_10A-01D-A13U,0.0,1.0,6.0,1.0
TCGA-DK-A2HX-01A-12D-A18D-02_MN_10A-01D-A18D,0.0,1.0,0.0,0.0
TCGA-DK-A2I2-01A-11D-A17R-02_MN_10A-01D-A17R,1.0,0.0,0.0,0.0
TCGA-DK-A2I6-01A-12D-A18D-02_MN_10A-01D-A18D,0.0,2.0,3.0,1.0
TCGA-DK-A3IK-01A-32D-A21C-26_MN_10A-01D-A21C,1.0,0.0,2.0,0.0
TCGA-DK-A3IM-01A-11D-A210-26_MN_10A-01D-A210,2.0,1.0,1.0,2.0
TCGA-DK-A3IN-01A-11D-A210-26_MN_10A-01D-A210,2.0,0.0,2.0,0.0
TCGA-DK-A3IT-01A-31D-A210-26_MN_10A-01D-A210,1.0,0.0,2.0,0.0
TCGA-DK-A3IV-01A-22D-A21C-26_MN_10A-01D-A21C,1.0,0.0,0.0,1.0
TCGA-DK-A3WX-01A-22D-A233-26_MN_10A-01D-A233,0.0,0.0,0.0,1.0
TCGA-DK-A3X1-01A-12D-A233-26_MN_10A-01D-A233,0.0,0.0,1.0,1.0
TCGA-DQ-5624-01A-01D-1868-02_MN_10A-01D-1868,0.0,3.0,0.0,0.0
TCGA-DQ-5625-01A-01D-1868-02_MN_10A-01D-1868,0.0,1.0,0.0,1.0
TCGA-DQ-5625-01A-01D-A32X-10_MN_10A-01D-A32X,0.0,0.0,1.0,1.0
TCGA-DQ-5629-01A-01D-A32X-10_MN_10A-01D-A32X,1.0,1.0,2.0,0.0
TCGA-DS-A0VL-01A-21D-A200-09_MN_10A-01D-A200,0.0,0.0,1.0,1.0
TCGA-DU-5852-01A-11D-1703-02_MN_10A-01D-1703,0.0,0.0,0.0,1.0
TCGA-DU-5854-01A-11D-1703-02_MN_10A-01D-1703,0.0,0.0,0.0,1.0
TCGA-DU-6403-01A-11D-1703-02_MN_10A-01D-1703,0.0,0.0,1.0,2.0
TCGA-DU-6404-02B-11D-A36O-08_MN_10A-01D-A461,0.0,2.0,0.0,0.0
TCGA-DU-6405-01A-11D-1703-02_MN_10A-01D-1703,0.0,0.0,0.0,1.0
TCGA-DU-6407-02A-12D-A36O-08_MN_10A-01D-1705,0.0,1.0,0.0,0.0
TCGA-DU-6407-02B-11D-A36O-08_MN_10A-01D-1705,0.0,0.0,1.0,2.0
TCGA-DU-7010-01A-11D-2022-02_MN_10A-01D-2022,0.0,1.0,0.0,1.0
TCGA-DU-7013-01A-11D-A461-08_MN_10A-01D-A461,0.0,0.0,0.0,2.0
TCGA-DU-7292-01A-11D-2022-02_MN_10A-01D-2022,0.0,0.0,0.0,2.0
TCGA-DX-A1KU-01A-32D-A24N-09_MN_10A-01D-A24N,0.0,0.0,1.0,1.0
TCGA-DX-A1KW-01A-22D-A24N-09_MN_10A-01D-A24N,0.0,1.0,0.0,1.0
TCGA-DX-A1L0-01A-11D-A24N-09_MN_10A-01D-A24N,0.0,2.0,4.0,1.0
TCGA-DX-A1L2-01A-22D-A24N-09_MN_10A-01D-A24N,0.0,1.0,6.0,1.0
TCGA-DX-A1L3-01A-11D-A24N-09_MN_10A-01D-A24N,0.0,0.0,1.0,1.0
TCGA-DX-A23R-01A-11D-A26G-09_MN_10A-01D-A26G,0.0,0.0,0.0,1.0
TCGA-DX-A240-01A-32D-A27P-09_MN_10A-01D-A27P,0.0,0.0,5.0,1.0
TCGA-DX-A2IZ-01A-11D-A21Q-09_MN_10A-01D-A21Q,0.0,0.0,0.0,1.0
TCGA-DX-A2J0-01A-11D-A21Q-09_MN_10A-01D-A21Q,0.0,0.0,2.0,1.0
TCGA-DX-A2J4-01A-32D-A21Q-09_MN_10A-01D-A21Q,0.0,0.0,0.0,1.0
TCGA-DX-A3LS-01A-11D-A21Q-09_MN_10A-01D-A21Q,0.0,1.0,1.0,1.0
TCGA-DX-A3LT-01A-12D-A21Q-09_MN_10A-01D-A32V,0.0,0.0,1.0,1.0
TCGA-DX-A3LU-01A-11D-A21Q-09_MN_10A-01D-A21Q,0.0,0.0,1.0,1.0
TCGA-DX-A3LW-01A-21D-A21Q-09_MN_10A-01D-A32V,0.0,0.0,0.0,1.0
TCGA-DX-A3LY-01B-11D-A27P-09_MN_10B-01D-A27P,0.0,0.0,2.0,1.0
TCGA-DX-A3M1-01A-11D-A228-09_MN_10A-01D-A22A,0.0,1.0,5.0,1.0
TCGA-DX-A3U5-01A-11D-A228-09_MN_10A-01D-A22A,0.0,0.0,5.0,1.0
TCGA-DX-A3U6-01A-11D-A29N-09_MN_10A-01D-A29N,0.0,0.0,1.0,1.0
TCGA-DX-A3U7-01A-11D-A29N-09_MN_10A-01D-A29N,0.0,0.0,1.0,0.0
TCGA-E2-A109-01A-11D-A10M-09_MN_10A-01D-A10M,1.0,0.0,5.0,5.0
TCGA-E2-A14P-01A-31D-A19H-09_MN_10A-01D-A19H,0.0,2.0,9.0,1.0
TCGA-E2-A14X-01A-11D-A10Y-09_MN_10A-01D-A314,1.0,0.0,5.0,0.0
TCGA-E2-A152-01A-11D-A19H-09_MN_10A-01D-A19H,0.0,2.0,2.0,0.0
TCGA-E2-A15E-01A-11D-A19H-09_MN_10A-01D-A19H,0.0,0.0,2.0,0.0
TCGA-E2-A15E-06A-11D-A19H-09_MN_10A-01D-A19H,0.0,0.0,1.0,0.0
TCGA-E2-A15H-01A-11D-A19H-09_MN_10A-01D-A19H,0.0,1.0,3.0,0.0
TCGA-E2-A15K-01A-11D-A314-09_MN_10A-01D-A12Q,0.0,1.0,1.0,0.0
TCGA-E2-A15K-01A-11D-A314-09_MN_11A-13D-A12Q,0.0,1.0,0.0,0.0
TCGA-E2-A15K-06A-11D-A12Q-09_MN_10A-01D-A12Q,0.0,1.0,0.0,0.0
TCGA-E2-A15K-06A-11D-A12Q-09_MN_11A-13D-A12Q,0.0,1.0,0.0,0.0
TCGA-E2-A1LG-01A-21D-A14K-09_MN_11A-42D-A14K,1.0,0.0,3.0,1.0
TCGA-E2-A1LK-01A-21D-A14G-09_MN_11A-12D-A314,0.0,1.0,1.0,1.0
TCGA-E2-A1LL-01A-11D-A142-09_MN_11A-21D-A314,0.0,0.0,0.0,1.0
TCGA-E6-A1LZ-01A-11D-A142-09_MN_10A-01D-A142,0.0,1.0,3.0,0.0
TCGA-EA-A3HQ-01A-11D-A20X-26_MN_10A-01D-A20X,0.0,1.0,1.0,0.0
TCGA-EA-A3HR-01A-11D-A20X-26_MN_10A-01D-A20X,0.0,1.0,1.0,0.0
TCGA-EA-A3QD-01A-32D-A232-26_MN_10A-01D-A232,0.0,0.0,1.0,1.0
TCGA-EA-A3QE-01A-21D-A245-26_MN_10A-01D-A245,0.0,0.0,3.0,0.0
TCGA-EB-A24C-01A-11D-A18Y-02_MN_10A-01D-A190,0.0,1.0,1.0,0.0
TCGA-EE-A20H-06A-11D-A18Y-02_MN_10A-01D-A190,0.0,1.0,0.0,0.0
TCGA-EE-A29D-06A-11D-A18Y-02_MN_10A-01D-A190,0.0,0.0,3.0,0.0
TCGA-EE-A29E-06A-11D-A18Y-02_MN_10A-01D-A190,0.0,0.0,2.0,0.0
TCGA-EE-A29H-06A-12D-A18Y-02_MN_10A-01D-A190,0.0,1.0,0.0,0.0
TCGA-EE-A29V-06A-12D-A18Y-02_MN_10A-01D-A190,0.0,0.0,2.0,0.0
TCGA-EE-A2GC-06A-11D-A18Y-02_MN_10A-01D-A190,0.0,0.0,0.0,1.0
TCGA-EE-A2GR-06A-11D-A18Y-02_MN_10A-01D-A190,0.0,0.0,0.0,1.0
TCGA-EE-A2M6-06A-12D-A18Y-02_MN_10A-01D-A190,0.0,0.0,2.0,1.0
TCGA-EE-A2MI-06A-11D-A18Y-02_MN_10A-01D-A190,0.0,1.0,0.0,0.0
TCGA-EE-A2MI-06A-11D-A18Y-02_MN_10A-01D-A199,0.0,1.0,1.0,0.0
TCGA-EE-A2MI-06A-11D-A197-08_MN_10A-01D-A190,0.0,1.0,0.0,0.0
TCGA-EE-A2MI-06A-11D-A197-08_MN_10A-01D-A199,0.0,1.0,0.0,0.0
TCGA-EE-A2MN-06A-11D-A18Y-02_MN_10A-01D-A190,1.0,0.0,1.0,0.0
TCGA-EE-A2MS-06A-11D-A18Y-02_MN_10A-01D-A190,0.0,0.0,0.0,1.0
TCGA-EE-A2MT-06A-11D-A18Y-02_MN_10A-01D-A190,0.0,0.0,0.0,1.0
TCGA-EE-A3JI-06A-11D-A21A-08_MN_10A-01D-A21A,0.0,0.0,1.0,1.0
TCGA-EJ-5511-01A-01D-1572-02_MN_10A-01D-1573,0.0,0.0,1.0,0.0
TCGA-EJ-5525-01A-01D-1572-02_MN_10A-01D-1573,0.0,0.0,1.0,0.0
TCGA-EJ-7328-01A-31D-2111-02_MN_10A-01D-2111,0.0,0.0,2.0,0.0
TCGA-EK-A2PL-01A-11D-A18I-02_MN_10A-01D-A18I,0.0,0.0,0.0,1.0
TCGA-EK-A2RE-01A-11D-A34H-09_MN_10A-01D-A34H,0.0,1.0,1.0,0.0
TCGA-EK-A2RM-01A-21D-A18J-09_MN_10A-01D-A18J,0.0,0.0,3.0,1.0
TCGA-EK-A3GM-01A-11D-A20X-26_MN_10A-01D-A20X,0.0,0.0,0.0,1.0
TCGA-EK-A3GN-01A-11D-A20X-26_MN_10A-01D-A20X,1.0,0.0,0.0,0.0
TCGA-EO-A1Y8-01A-11D-A159-09_MN_10A-01D-A159,0.0,1.0,4.0,1.0
TCGA-EP-A2KA-01A-11D-A183-10_MN_10A-01D-A183,0.0,0.0,7.0,2.0
TCGA-EQ-5647-01A-01D-1598-02_MN_10A-01D-1598,2.0,0.0,0.0,1.0
TCGA-EQ-5647-01A-01D-1598-02_MN_10A-01D-1600,1.0,0.0,0.0,2.0
TCGA-EQ-5647-01A-01D-1600-08_MN_10A-01D-1598,0.0,0.0,0.0,1.0
TCGA-EQ-5647-01A-01D-1600-08_MN_10A-01D-1600,0.0,0.0,1.0,1.0
TCGA-ER-A193-06A-12D-A18Y-02_MN_10A-01D-A190,1.0,0.0,0.0,1.0
TCGA-ER-A196-01A-11D-A18Y-02_MN_10A-01D-A190,0.0,1.0,1.0,0.0
TCGA-ER-A197-06A-32D-A18Y-02_MN_10A-01D-A190,0.0,0.0,0.0,1.0
TCGA-ER-A19E-06A-11D-A18Y-02_MN_10A-01D-A190,0.0,1.0,0.0,0.0
TCGA-ER-A19E-06A-11D-A18Y-02_MN_10A-01D-A199,0.0,1.0,0.0,1.0
TCGA-ER-A19E-06A-11D-A197-08_MN_10A-01D-A190,0.0,1.0,0.0,0.0
TCGA-ER-A19E-06A-11D-A197-08_MN_10A-01D-A199,0.0,1.0,0.0,0.0
TCGA-ER-A19L-06A-12D-A18Y-02_MN_10A-01D-A190,0.0,0.0,1.0,1.0
TCGA-ER-A19L-06A-12D-A18Y-02_MN_10A-01D-A199,0.0,0.0,3.0,1.0
TCGA-ER-A19L-06A-12D-A197-08_MN_10A-01D-A190,0.0,1.0,1.0,0.0
TCGA-ER-A19L-06A-12D-A197-08_MN_10A-01D-A199,0.0,1.0,2.0,0.0
TCGA-ER-A19T-01A-11D-A18Z-02_MN_10A-01D-A18Z,0.0,0.0,1.0,3.0
TCGA-ER-A19T-01A-11D-A18Z-02_MN_10A-01D-A19A,0.0,0.0,2.0,3.0
TCGA-ER-A19T-01A-11D-A19A-08_MN_10A-01D-A18Z,0.0,1.0,1.0,2.0
TCGA-ER-A19T-01A-11D-A19A-08_MN_10A-01D-A19A,0.0,1.0,1.0,2.0
TCGA-ER-A19T-06A-11D-A18Z-02_MN_10A-01D-A18Z,0.0,1.0,1.0,2.0
TCGA-ER-A19T-06A-11D-A18Z-02_MN_10A-01D-A19A,0.0,1.0,1.0,2.0
TCGA-ER-A19T-06A-11D-A19A-08_MN_10A-01D-A18Z,0.0,1.0,1.0,2.0
TCGA-ER-A19T-06A-11D-A19A-08_MN_10A-01D-A19A,0.0,1.0,2.0,2.0
TCGA-ER-A3ES-06A-11D-A20D-08_MN_10A-01D-A20D,0.0,0.0,3.0,0.0
TCGA-EW-A1J5-01A-11D-A13L-09_MN_10A-01D-A13O,0.0,0.0,0.0,1.0
TCGA-EW-A1P8-01A-11D-A142-09_MN_10A-01D-A314,2.0,0.0,6.0,2.0
TCGA-EW-A1PB-01A-11D-A142-09_MN_10A-01D-A142,0.0,0.0,1.0,0.0
TCGA-EW-A1PC-01B-11D-A21Q-09_MN_10A-01D-A21Q,0.0,1.0,5.0,2.0
TCGA-EW-A1PH-01A-11D-A17G-09_MN_10A-01D-A17G,1.0,1.0,7.0,1.0
TCGA-EW-A3U0-01A-11D-A228-09_MN_10A-01D-A22A,0.0,0.0,1.0,3.0
TCGA-EX-A3L1-01A-11D-A245-26_MN_10A-01D-A245,0.0,0.0,0.0,1.0
TCGA-EY-A1GC-01A-11D-A13I-02_MN_10A-01D-A13M,0.0,1.0,0.0,3.0
TCGA-EY-A1GS-01A-11D-A13L-09_MN_10A-01D-A13O,1.0,1.0,2.0,0.0
TCGA-F1-6875-01A-11D-2053-08_MN_11A-01D-2053,0.0,2.0,3.0,0.0
TCGA-FD-A3B3-01A-12D-A204-02_MN_10A-01D-A204,0.0,1.0,2.0,0.0
TCGA-FD-A3B4-01A-12D-A204-02_MN_10A-01D-A204,1.0,0.0,0.0,0.0
TCGA-FD-A3B7-01A-31D-A210-26_MN_10A-01D-A210,0.0,1.0,2.0,0.0
TCGA-FD-A3N5-01A-11D-A21A-08_MN_10A-01D-A21A,0.0,1.0,1.0,2.0
TCGA-FD-A3N5-01A-11D-A21A-08_MN_10A-01D-A21C,0.0,1.0,1.0,2.0
TCGA-FD-A3N5-01A-11D-A21C-26_MN_10A-01D-A21A,0.0,0.0,2.0,3.0
TCGA-FD-A3N5-01A-11D-A21C-26_MN_10A-01D-A21C,0.0,0.0,2.0,3.0
TCGA-FD-A3N6-01A-11D-A21A-08_MN_10A-01D-A21A,0.0,0.0,0.0,1.0
TCGA-FD-A3N6-01A-11D-A21A-08_MN_10A-01D-A21C,0.0,0.0,0.0,1.0
TCGA-FD-A3N6-01A-11D-A21C-26_MN_10A-01D-A21A,0.0,0.0,0.0,1.0
TCGA-FD-A3N6-01A-11D-A21C-26_MN_10A-01D-A21C,0.0,0.0,0.0,1.0
TCGA-FD-A3NA-01A-11D-A21C-26_MN_10A-01D-A21C,1.0,0.0,0.0,1.0
TCGA-FD-A3SJ-01A-12D-A233-26_MN_10A-01D-A233,0.0,1.0,4.0,0.0
TCGA-FD-A3SL-01A-21D-A233-26_MN_10A-01D-A233,1.0,1.0,2.0,0.0
TCGA-FD-A3SM-01A-11D-A233-26_MN_10A-01D-A233,0.0,0.0,1.0,1.0
TCGA-FD-A3SP-01A-31D-A233-26_MN_10A-01D-A233,0.0,0.0,2.0,0.0
TCGA-FD-A3SR-01A-11D-A233-26_MN_10A-01D-A233,3.0,0.0,2.0,0.0
TCGA-FD-A3SS-01A-12D-A233-26_MN_10A-01D-A233,0.0,0.0,1.0,0.0
TCGA-FF-8042-01A-11D-2210-10_MN_10A-01D-2210,0.0,0.0,0.0,1.0
TCGA-FF-8043-01A-11D-2210-10_MN_10A-01D-2210,1.0,0.0,1.0,0.0
TCGA-FG-5965-02A-11D-A29Q-08_MN_10A-01D-1893,0.0,0.0,1.0,0.0
TCGA-FG-6688-01A-11D-1891-02_MN_10A-01D-1891,0.0,0.0,0.0,2.0
TCGA-FG-6692-01A-11D-1891-02_MN_10A-01D-1891,0.0,0.0,1.0,1.0
TCGA-FI-A2CY-01A-11D-A17E-02_MN_10A-01D-A17E,2.0,0.0,1.0,1.0
TCGA-FI-A2D4-01A-12D-A17E-02_MN_10A-01D-A17E,0.0,0.0,1.0,0.0
TCGA-FP-7998-01A-11D-2201-08_MN_10A-01D-2201,0.0,1.0,0.0,0.0
TCGA-FS-A1YW-06A-11D-A18Y-02_MN_10A-01D-A190,0.0,1.0,0.0,0.0
TCGA-FS-A1Z0-06A-11D-A18Y-02_MN_10A-01D-A190,0.0,1.0,0.0,0.0
TCGA-FS-A1Z3-06A-11D-A18Y-02_MN_10A-01D-A190,0.0,0.0,0.0,2.0
TCGA-FS-A1ZE-06A-11D-A18Y-02_MN_10A-01D-A190,0.0,1.0,2.0,1.0
TCGA-FS-A1ZG-06A-11D-A18Y-02_MN_10A-01D-A190,0.0,1.0,1.0,0.0
TCGA-FS-A1ZJ-06A-12D-A18Y-02_MN_10A-01D-A190,0.0,1.0,5.0,0.0
TCGA-FS-A1ZK-06A-11D-A18Y-02_MN_10A-01D-A190,1.0,3.0,9.0,2.0
TCGA-FS-A1ZK-06A-11D-A18Y-02_MN_10A-01D-A199,1.0,2.0,9.0,1.0
TCGA-FS-A1ZK-06A-11D-A197-08_MN_10A-01D-A190,0.0,2.0,17.0,0.0
TCGA-FS-A1ZK-06A-11D-A197-08_MN_10A-01D-A199,0.0,3.0,17.0,0.0
TCGA-FS-A1ZM-06A-12D-A18Y-02_MN_10A-01D-A190,0.0,1.0,1.0,1.0
TCGA-FS-A1ZP-06A-11D-A18Y-02_MN_10A-01D-A190,0.0,1.0,0.0,1.0
TCGA-FS-A1ZP-06A-11D-A18Y-02_MN_10A-01D-A199,0.0,1.0,0.0,1.0
TCGA-FS-A1ZP-06A-11D-A197-08_MN_10A-01D-A190,0.0,0.0,3.0,0.0
TCGA-FS-A1ZP-06A-11D-A197-08_MN_10A-01D-A199,0.0,1.0,2.0,0.0
TCGA-FS-A1ZQ-06A-11D-A18Y-02_MN_10A-01D-A190,0.0,0.0,1.0,1.0
TCGA-FS-A1ZT-06A-11D-A18Y-02_MN_10A-01D-A190,0.0,1.0,1.0,0.0
TCGA-FS-A1ZU-06A-12D-A196-08_MN_10A-01D-A198,0.0,0.0,9.0,1.0
TCGA-FT-A3EE-01A-11D-A202-08_MN_10A-01D-A202,1.0,0.0,0.0,0.0
TCGA-FT-A3EE-01A-11D-A202-08_MN_10A-01D-A204,1.0,0.0,0.0,0.0
TCGA-FT-A3EE-01A-11D-A204-02_MN_10A-01D-A202,1.0,0.0,0.0,0.0
TCGA-FT-A3EE-01A-11D-A204-02_MN_10A-01D-A204,1.0,0.0,0.0,0.0
TCGA-FU-A3NI-01A-11D-A245-26_MN_10A-01D-A245,1.0,1.0,2.0,0.0
TCGA-FV-A23B-01A-11D-A16V-10_MN_11A-11D-A16V,0.0,0.0,1.0,0.0
TCGA-FV-A3I1-01A-11D-A22F-10_MN_10A-01D-A22F,0.0,1.0,0.0,0.0
TCGA-FV-A4ZQ-01A-11D-A25V-10_MN_10A-01D-A25V,0.0,0.0,3.0,0.0
TCGA-G2-A2EF-01A-12D-A18D-02_MN_10A-01D-A18D,0.0,0.0,2.0,0.0
TCGA-G2-A2EK-01A-22D-A18D-02_MN_10A-01D-A18D,0.0,0.0,0.0,1.0
TCGA-G2-A2ES-01A-11D-A17R-02_MN_11A-31D-A17R,0.0,1.0,0.0,0.0
TCGA-G2-A3IB-01A-11D-A210-26_MN_10A-01D-A210,1.0,0.0,0.0,0.0
TCGA-G2-A3IE-01A-11D-A210-26_MN_10A-01D-A210,1.0,1.0,3.0,0.0
TCGA-G2-A3VY-01A-11D-A233-26_MN_10A-01D-A233,2.0,1.0,6.0,1.0
TCGA-G3-A25S-01A-11D-A16V-10_MN_10A-01D-A16V,1.0,3.0,1.0,0.0
TCGA-G3-A25W-01A-11D-A16V-10_MN_11A-12D-A16V,0.0,0.0,0.0,1.0
TCGA-G3-A5SL-01A-11D-A27I-10_MN_10A-01D-A27I,0.0,0.0,2.0,0.0
TCGA-G9-6496-01A-11D-1784-02_MN_10A-01D-1784,0.0,0.0,5.0,0.0
TCGA-GC-A3BM-01A-11D-A23Q-26_MN_10A-01D-A23Q,0.0,1.0,0.0,0.0
TCGA-GC-A3BM-01A-11D-A23Q-26_MN_11A-11D-A23Q,0.0,1.0,0.0,0.0
TCGA-GC-A3I6-01A-11D-A210-26_MN_10A-01D-A210,0.0,0.0,0.0,1.0
TCGA-GC-A3RD-01A-12D-A233-26_MN_10B-01D-A233,1.0,0.0,1.0,1.0
TCGA-GD-A2C5-01A-12D-A17R-02_MN_10A-01D-A17R,1.0,1.0,1.0,0.0
TCGA-GD-A2C5-01A-12D-A17R-02_MN_10A-01D-A17V,0.0,1.0,2.0,0.0
TCGA-GD-A2C5-01A-12D-A17R-02_MN_11A-11D-A17R,0.0,1.0,1.0,0.0
TCGA-GD-A2C5-01A-12D-A17V-08_MN_10A-01D-A17R,0.0,1.0,2.0,0.0
TCGA-GD-A2C5-01A-12D-A17V-08_MN_10A-01D-A17V,0.0,1.0,1.0,0.0
TCGA-GD-A2C5-01A-12D-A17V-08_MN_11A-11D-A17R,0.0,1.0,0.0,0.0
TCGA-GD-A3OS-01A-12D-A221-26_MN_10A-01D-A221,1.0,0.0,1.0,1.0
TCGA-GF-A2C7-01A-11D-A18Y-02_MN_10A-01D-A190,0.0,0.0,0.0,1.0
TCGA-GM-A2DF-01A-11D-A17W-09_MN_10C-01D-A17W,0.0,2.0,3.0,1.0
TCGA-GM-A3XL-01A-11D-A22X-09_MN_10A-01D-A22X,0.0,0.0,0.0,1.0
TCGA-GN-A264-06A-11D-A196-08_MN_10A-01D-A198,0.0,0.0,2.0,1.0
TCGA-GN-A265-06A-21D-A18Y-02_MN_10A-01D-A190,0.0,0.0,1.0,0.0
TCGA-GN-A266-06A-11D-A18Y-02_MN_10A-01D-A190,1.0,0.0,0.0,0.0
TCGA-GN-A266-06A-11D-A18Y-02_MN_10A-01D-A199,1.0,0.0,0.0,0.0
TCGA-GN-A266-06A-11D-A197-08_MN_10A-01D-A190,1.0,0.0,0.0,0.0
TCGA-GN-A266-06A-11D-A197-08_MN_10A-01D-A199,1.0,0.0,0.0,0.0
TCGA-GV-A3JV-01A-11D-A221-26_MN_10B-01D-A221,0.0,0.0,0.0,3.0
TCGA-GV-A3JX-01A-11D-A210-26_MN_10A-01D-A210,1.0,0.0,0.0,0.0
TCGA-GV-A3JZ-01A-11D-A21C-26_MN_10A-01D-A21C,0.0,0.0,2.0,1.0
TCGA-GV-A3QF-01A-31D-A233-26_MN_10A-01D-A233,0.0,0.0,0.0,1.0
TCGA-GV-A3QH-01A-11D-A221-26_MN_10A-01D-A221,0.0,0.0,3.0,2.0
TCGA-H4-A2HQ-01A-11D-A17R-02_MN_10A-01D-A17R,2.0,1.0,1.0,1.0
TCGA-H4-A2HQ-01A-11D-A17R-02_MN_10A-01D-A17V,2.0,2.0,0.0,1.0
TCGA-H4-A2HQ-01A-11D-A17V-08_MN_10A-01D-A17R,0.0,0.0,4.0,1.0
TCGA-H4-A2HQ-01A-11D-A17V-08_MN_10A-01D-A17V,0.0,0.0,4.0,1.0
TCGA-HB-A43Z-01A-11D-A24N-09_MN_10A-01D-A24N,0.0,0.0,7.0,0.0
TCGA-HB-A5W3-01A-11D-A29N-09_MN_10A-01D-A29N,0.0,0.0,1.0,0.0
TCGA-HC-7213-01A-11D-2111-02_MN_10A-01D-2111,2.0,0.0,0.0,0.0
TCGA-HD-7753-01A-11D-A32X-10_MN_10A-01D-A32X,0.0,1.0,0.0,1.0
TCGA-HG-A2PA-01A-11D-A20X-26_MN_10B-01D-A20X,2.0,0.0,2.0,0.0
TCGA-HQ-A2OE-01A-11D-A204-02_MN_10A-01D-A204,0.0,1.0,0.0,0.0
TCGA-HT-7604-01A-11D-2088-02_MN_10A-01D-2088,0.0,0.0,1.0,0.0
TCGA-HT-8104-01A-11D-A461-08_MN_10A-01D-A461,0.0,0.0,0.0,1.0
TCGA-HT-A5R7-01A-11D-A461-08_MN_10A-01D-A289,0.0,1.0,0.0,0.0
TCGA-HT-A61B-01A-11D-A461-08_MN_10A-01D-A29Q,0.0,0.0,0.0,1.0
TCGA-HU-8245-01A-11D-2340-08_MN_10A-01D-2341,0.0,0.0,1.0,0.0
TCGA-HU-8608-01A-11D-2394-08_MN_10A-01D-2394,0.0,0.0,1.0,0.0
TCGA-HU-A4G6-01A-11D-A24D-08_MN_10A-01D-A24F,0.0,0.0,0.0,1.0
TCGA-IG-A3I8-01A-11D-A248-26_MN_10A-01D-A248,0.0,0.0,0.0,1.0
TCGA-IG-A3I8-01A-11D-A248-26_MN_11A-11D-A248,0.0,0.0,0.0,1.0
TCGA-IG-A3Y9-01A-12D-A248-26_MN_10A-01D-A248,0.0,0.0,1.0,0.0
TCGA-IG-A3YA-01A-11D-A248-26_MN_10A-01D-A248,0.0,0.0,2.0,0.0
TCGA-IG-A3YB-01A-11D-A248-26_MN_10A-01D-A248,0.0,0.0,3.0,1.0
TCGA-IG-A3YC-01A-11D-A248-26_MN_10A-01D-A248,1.0,0.0,2.0,0.0
TCGA-IG-A4P3-01A-11D-A267-26_MN_10A-01D-A267,1.0,0.0,2.0,0.0
TCGA-IG-A50L-01A-11D-A267-26_MN_10A-01D-A267,1.0,0.0,0.0,1.0
TCGA-IG-A51D-01A-11D-A267-26_MN_10A-01D-A267,3.0,0.0,0.0,0.0
TCGA-IG-A5S3-01A-11D-A28P-26_MN_10A-01D-A28P,1.0,0.0,0.0,0.0
TCGA-IK-7675-01A-11D-2086-08_MN_10A-01D-2086,0.0,0.0,0.0,1.0
TCGA-IQ-7632-01A-11D-2317-26_MN_10A-01D-2317,0.0,0.0,0.0,1.0
TCGA-IR-A3LA-01A-11D-A232-26_MN_10A-01D-A232,0.0,1.0,0.0,1.0
TCGA-IR-A3LC-01A-11D-A20X-26_MN_10A-01D-A20X,0.0,0.0,1.0,0.0
TCGA-IR-A3LH-01A-21D-A20X-26_MN_10A-01D-A20X,1.0,0.0,0.0,1.0
TCGA-IR-A3LK-01A-12D-A20X-26_MN_10A-01D-A20X,0.0,0.0,1.0,0.0
TCGA-IS-A3KA-01A-11D-A21Q-09_MN_10A-01D-A21Q,0.0,0.0,1.0,1.0
TCGA-IW-A3M5-01A-22D-A21Q-09_MN_10A-01D-A21Q,0.0,1.0,4.0,1.0
TCGA-JX-A3PZ-01A-11D-A245-26_MN_10A-01D-A245,1.0,1.0,1.0,0.0
TCGA-K1-A3PN-01A-11D-A228-09_MN_10A-01D-A22A,0.0,1.0,1.0,0.0
TCGA-K1-A3PN-02A-11D-A228-09_MN_10A-01D-A22A,0.0,1.0,1.0,0.0
TCGA-K4-A3WV-01A-11D-A23Q-26_MN_10A-01D-A23Q,1.0,2.0,1.0,2.0
TCGA-K4-A3WV-01A-11D-A23Q-26_MN_11A-21D-A23Q,1.0,2.0,1.0,2.0
TCGA-KL-8341-01A-11D-2310-10_MN_11A-01D-2310,0.0,0.0,3.0,1.0
TCGA-L5-A43C-01A-11D-A248-26_MN_11A-11D-A248,0.0,1.0,1.0,0.0
TCGA-L5-A43H-01A-11D-A248-26_MN_11A-11D-A248,1.0,0.0,1.0,0.0
TCGA-L5-A43I-01A-11D-A248-26_MN_11A-11D-A248,0.0,2.0,3.0,1.0
TCGA-L5-A43M-01A-11D-A248-26_MN_11A-11D-A248,0.0,0.0,0.0,1.0
TCGA-L5-A4OG-01A-11D-A267-26_MN_11A-12D-A267,1.0,1.0,1.0,0.0
TCGA-L5-A4OH-01A-11D-A267-26_MN_11A-11D-A267,0.0,0.0,4.0,2.0
TCGA-L5-A4OJ-01A-11D-A267-26_MN_11A-12D-A267,0.0,0.0,1.0,2.0
TCGA-L5-A4OM-01A-11D-A267-26_MN_11A-11D-A267,2.0,0.0,1.0,0.0
TCGA-L5-A4ON-01A-11D-A267-26_MN_11A-21D-A267,0.0,2.0,2.0,0.0
TCGA-L5-A4OP-01A-11D-A267-26_MN_11A-11D-A267,1.0,0.0,2.0,0.0
TCGA-L5-A4OS-01A-11D-A28P-26_MN_11A-11D-A28P,0.0,0.0,1.0,1.0
TCGA-L5-A4OT-01A-11D-A28P-26_MN_11A-11D-A28P,1.0,0.0,1.0,1.0
TCGA-L7-A56G-01A-21D-A267-26_MN_10A-01D-A267,2.0,1.0,1.0,0.0
TCGA-LN-A49K-01A-11D-A248-26_MN_10A-01D-A248,0.0,1.0,0.0,0.0
TCGA-LN-A49L-01A-11D-A248-26_MN_10A-01D-A248,1.0,0.0,7.0,1.0
TCGA-LN-A49M-01A-21D-A267-26_MN_10A-01D-A267,1.0,0.0,1.0,0.0
TCGA-LN-A49N-01A-11D-A248-26_MN_10A-01D-A248,1.0,0.0,1.0,0.0
TCGA-LN-A49O-01A-11D-A248-26_MN_10A-01D-A248,0.0,0.0,0.0,1.0
TCGA-LN-A49P-01A-11D-A248-26_MN_10A-01D-A248,2.0,0.0,1.0,1.0
TCGA-LN-A49R-01A-11D-A248-26_MN_10A-01D-A248,1.0,2.0,3.0,0.0
TCGA-LN-A49S-01A-11D-A248-26_MN_10A-01D-A248,1.0,0.0,1.0,0.0
TCGA-LN-A49U-01A-31D-A267-26_MN_10A-01D-A267,2.0,0.0,1.0,0.0
TCGA-LN-A49V-01A-11D-A248-26_MN_10A-01D-A248,0.0,1.0,3.0,2.0
TCGA-LN-A49W-01A-11D-A267-26_MN_10A-01D-A267,0.0,1.0,2.0,1.0
TCGA-LN-A49X-01A-31D-A267-26_MN_10A-01D-A267,0.0,0.0,2.0,0.0
TCGA-LN-A49Y-01A-11D-A267-26_MN_10A-01D-A267,1.0,0.0,1.0,1.0
TCGA-LN-A4A2-01A-31D-A267-26_MN_10A-01D-A267,1.0,1.0,0.0,0.0
TCGA-LN-A4A3-01A-11D-A267-26_MN_10A-01D-A267,0.0,1.0,2.0,0.0
TCGA-LN-A4A4-01A-11D-A267-26_MN_10A-01D-A267,1.0,2.0,1.0,0.0
TCGA-LN-A4A6-01A-11D-A267-26_MN_10A-01D-A267,0.0,1.0,2.0,0.0
TCGA-LN-A4A8-01A-32D-A267-26_MN_10A-01D-A267,2.0,0.0,0.0,0.0
TCGA-LN-A4MQ-01A-11D-A28P-26_MN_10A-01D-A28P,0.0,0.0,2.0,0.0
TCGA-LN-A4MR-01A-11D-A28P-26_MN_10A-01D-A28P,0.0,1.0,0.0,0.0
TCGA-NH-A50V-01A-11D-A28G-10_MN_10A-01D-A28G,1.0,0.0,0.0,0.0
TCGA-PD-A5DF-01A-11D-A27I-10_MN_10A-01D-A27I,0.0,1.0,0.0,0.0
TCGA-QG-A5Z1-01A-11D-A28G-10_MN_10A-01D-A28G,0.0,0.0,1.0,0.0
TCGA-V4-A9EK-01A-11D-A40D-26_MN_10A-01D-A40E,0.0,2.0,2.0,0.0
TCGA-X2-A95T-01A-11D-A37C-09_MN_10A-01D-A37F,0.0,1.0,0.0,0.0
